{
   "blend-properties" : {
      "flow" : 0.80000001192092896,
      "mix-in" : 0,
      "mix-in dilution" : 0,
      "mix-wet" : false,
      "smudge-amount" : 0.5,
      "strength" : 0.5
   },
   "display-name" : "6B Pencil",
   "dynamics-properties" : {
      "pressure - effects dilution" : false,
      "pressure - effects flow" : true,
      "pressure - effects head depth" : false,
      "pressure - effects scatter" : false,
      "pressure - effects size" : true,
      "pressure - effects texture" : true,
      "pressure profile - dilution" : [
         0.20000000298023224,
         0,
         0.40000000596046448,
         0.10000000149011612,
         0.60000002384185791,
         0.89999997615814209,
         0.80000001192092896,
         1
      ],
      "pressure profile - flow" : [
         0.0029761940240859985,
         1,
         0.21785715222358704,
         0.80072468519210815,
         0.67500001192092896,
         0.10869565606117249,
         1,
         0
      ],
      "pressure profile - head depth" : [ 0, 1, 1, 0 ],
      "pressure profile - scatter" : [ 0, 1, 0.5, 0.89999997615814209, 1, 0.60000002384185791 ],
      "pressure profile - size" : [ 0, 1, 0.3310810923576355, 0.3359375, 1, 0 ],
      "pressure profile - texture" : [
         0,
         0.78125,
         0.3571428656578064,
         0.546875,
         0.53571426868438721,
         0.150390625,
         0.93154764175415039,
         0
      ],
      "tilt - effects dilution" : false,
      "tilt - effects flow" : true,
      "tilt - effects head depth" : false,
      "tilt - effects scatter" : false,
      "tilt - effects size" : true,
      "tilt - effects texture" : true,
      "tilt - gradation" : 0.50555562973022461,
      "tilt - offset" : 0.80749917030334473,
      "tilt profile - dilution" : [
         0.20000000298023224,
         1,
         0.40000000596046448,
         0.89999997615814209,
         0.60000002384185791,
         0.10000000149011612,
         0.80000001192092896,
         0
      ],
      "tilt profile - flow" : [ 0, 0, 0.5952380895614624, 0.412109375, 1, 0.88671875 ],
      "tilt profile - head depth" : [ 0, 1, 1, 0 ],
      "tilt profile - scatter" : [ 0, 1, 0.5, 1, 1, 0.39999997615814209 ],
      "tilt profile - size" : [ 0, 1, 0.65306121110916138, 0.91725349426269531, 1, 0 ],
      "tilt profile - texture" : [
         0,
         0.30078125,
         0.57142859697341919,
         0.42578125,
         1,
         0.92781692743301392
      ],
      "velocity - effects dilution" : false,
      "velocity - effects flow" : false,
      "velocity - effects head depth" : false,
      "velocity - effects scatter" : false,
      "velocity - effects size" : false,
      "velocity - effects texture" : false,
      "velocity profile - dilution" : [ 0, 0, 1, 1 ],
      "velocity profile - flow" : [ 0, 1, 0.5, 0.30000001192092896, 1, 0 ],
      "velocity profile - head depth" : [ 0, 1, 1, 0 ],
      "velocity profile - scatter" : [ 0, 1, 0.5, 0.89999997615814209, 1, 0.60000002384185791 ],
      "velocity profile - size" : [ 0, 1, 0.5, 0.30000001192092896, 1, 0 ],
      "velocity profile - texture" : [ 0, 0, 1, 0 ]
   },
   "head-properties" : {
      "angle" : 3.14159265359,
      "depth" : 0,
      "flow" : 0.4,
      "rotation" : 0,
      "screen-aligned" : false,
      "softness" : 0.2,
      "spacing" : 0.043958000838756561,
      "structure" : 0,
      "style" : 0,
      "use-trajectory" : true
   },
   "jitter-properties" : {
      "angle" : 0,
      "color-brightness" : 0,
      "color-hue" : 0,
      "color-saturation" : 0,
      "color-start brightness" : 0,
      "color-start hue" : 0,
      "color-start saturation" : 0,
      "flow" : 0,
      "scatter" : 0,
      "size" : 0,
      "start-angle" : 0,
      "texture-angle" : 0,
      "texture-position" : 0,
      "texture-scale" : 0,
      "texture-start-position" : 1
   },
   "parent" : 1,
   "source-properties" : {
      "custom-head" : "",
      "custom-stroke texture" : "",
      "head" : "brush_head_proko_pencil",
      "head - color" : false,
      "head - colorize" : 1,
      "head - conversion format" : 1,
      "head - profile" : [ 0, 1, 1, 0 ],
      "stroke texture" : "texture_10",
      "stroke texture - color" : false,
      "stroke texture - colorize" : 1,
      "stroke texture - profile" : [ 0.29846939444541931, 1, 0.73979586362838745, 0 ]
   },
   "stroke-properties" : {
      "adhesion" : 0,
      "blend-opacity" : 1,
      "blend-size" : 40,
      "blendmode" : 0,
      "blendmode-intensity" : 1,
      "erase-opacity" : 1,
      "erase-size" : 40,
      "flow-profile" : [ 0, 0, 0.30000001192092896, 0, 1, 1 ],
      "glaze-strokes" : 0.50666666030883789,
      "has-flow-profile" : false,
      "has-size-profile" : false,
      "lazy-stroke" : 0,
      "paint-opacity" : 1,
      "paint-size" : 44.419105529785156,
      "size-maximum" : 0.060000017285346985,
      "size-profile" : [ 0, 1, 0.5, 0, 1, 1 ],
      "wet-edges" : 0
   },
   "texture-properties" : {
      "angle" : 0,
      "invert" : false,
      "pressure" : 0.392037034034729,
      "scale" : 0.2,
      "scale-size" : false,
      "softness" : 0.0,
      "stretch" : 1,
      "structure" : 0,
      "style" : 1
   }
}
