{
   "blend-properties" : {
      "dirty-blending" : false,
      "flow" : 1,
      "mix-in" : 0,
      "mix-in dilution" : 0,
      "mix-wet" : false,
      "smudge" : 0.80000001192092896,
      "strength" : 0.20000000298023224
   },
   "display-name" : "Arrow Chain",
   "dynamics-properties" : {
      "pressure - effects dilution" : true,
      "pressure - effects flow" : false,
      "pressure - effects head depth" : false,
      "pressure - effects scatter" : false,
      "pressure - effects size" : true,
      "pressure - effects texture" : false,
      "pressure profile - dilution" : [
         0.20000000298023224,
         0,
         0.40000000596046448,
         0.10000000149011612,
         0.60000002384185791,
         0.89999997615814209,
         0.80000001192092896,
         1
      ],
      "pressure profile - flow" : [ 0, 1, 0.33000001311302185, 0.3399999737739563, 1, 0 ],
      "pressure profile - head depth" : [ 0, 1, 1, 0 ],
      "pressure profile - scatter" : [ 0, 1, 0.5, 0.89999997615814209, 1, 0.60000002384185791 ],
      "pressure profile - size" : [ 0, 1, 0.33614864945411682, 0.333984375, 1, 0 ],
      "pressure profile - texture" : [ 0, 0.5, 0.5, 0.30000001192092896, 1, 0 ],
      "tilt - effects dilution" : false,
      "tilt - effects flow" : false,
      "tilt - effects head depth" : false,
      "tilt - effects scatter" : false,
      "tilt - effects size" : false,
      "tilt - effects texture" : false,
      "tilt - gradation" : 0.80000001192092896,
      "tilt - offset" : 0.80000001192092896,
      "tilt profile - dilution" : [
         0.20000000298023224,
         1,
         0.40000000596046448,
         0.89999997615814209,
         0.60000002384185791,
         0.10000000149011612,
         0.80000001192092896,
         0
      ],
      "tilt profile - flow" : [ 0, 0, 0.5, 0, 1, 0.75 ],
      "tilt profile - head depth" : [ 0, 1, 1, 0 ],
      "tilt profile - scatter" : [ 0, 1, 0.5, 1, 1, 0.39999997615814209 ],
      "tilt profile - size" : [ 0, 1, 0.5, 1, 1, 0 ],
      "tilt profile - texture" : [ 0, 0, 0.5, 0.19999998807907104, 1, 0.60000002384185791 ],
      "velocity - effects dilution" : false,
      "velocity - effects flow" : false,
      "velocity - effects head depth" : false,
      "velocity - effects scatter" : false,
      "velocity - effects size" : false,
      "velocity - effects texture" : false,
      "velocity profile - dilution" : [ 0, 0, 1, 1 ],
      "velocity profile - flow" : [ 0, 0, 0.5, 0.5, 1, 1 ],
      "velocity profile - head depth" : [ 0, 1, 1, 0 ],
      "velocity profile - scatter" : [ 0, 0, 0.5, 0.19999998807907104, 1, 0.39999997615814209 ],
      "velocity profile - size" : [ 0, 0, 0.5, 0.5, 1, 1 ],
      "velocity profile - texture" : [ 0, 1, 0.5, 0.5, 1, 0 ]
   },
   "head-properties" : {
      "angle" : 0,
      "depth" : 0,
      "flow" : 1,
      "rotation" : 0,
      "softness" : 0,
      "spacing" : 0.20230339467525482,
      "structure" : 0,
      "style" : 1,
      "use-trajectory" : false
   },
   "jitter-properties" : {
      "angle" : 1,
      "color-brightness" : 0,
      "color-hue" : 0,
      "color-saturation" : 0,
      "color-start brightness" : 0,
      "color-start hue" : 0,
      "color-start saturation" : 0,
      "flow" : 0,
      "scatter" : 0,
      "size" : 0,
      "start-angle" : 0,
      "texture-angle" : 0,
      "texture-position" : 0,
      "texture-scale" : 0,
      "texture-start-position" : 0
   },
   "parent" : 311,
   "source-properties" : {
      "custom-head" : "",
      "custom-stroke texture" : "",
      "head" : "",
      "head - color" : false,
      "head - colorize" : 1,
      "head - conversion format" : 1,
      "head - profile" : [ 0, 1, 1, 0 ],
      "stroke texture" : "brush_texture_arrow_chain",
      "stroke texture - color" : false,
      "stroke texture - colorize" : 1,
      "stroke texture - profile" : [ 0, 1, 1, 0 ]
   },
   "stroke-properties" : {
      "adhesion" : 0,
      "blend-opacity" : 1,
      "blend-size" : 40,
      "blendmode" : 0,
      "blendmode-intensity" : 1,
      "erase-opacity" : 1,
      "erase-size" : 40,
      "flow-profile" : [ 0, 0, 0.30000001192092896, 0, 1, 1 ],
      "has-flow-profile" : false,
      "has-size-profile" : true,
      "lazy-stroke" : 0.40673080086708069,
      "paint-opacity" : 1,
      "paint-size" : 48.461540222167969,
      "size-maximum" : 0.24538436532020569,
      "size-profile" : [
         0,
         1,
         0.11993244290351868,
         0.337890625,
         0.33277028799057007,
         0.001953125,
         0.6689189076423645,
         0,
         0.8935810923576355,
         0.328125,
         1,
         1
      ]
   },
   "texture-properties" : {
      "angle" : 0,
      "invert" : true,
      "pressure" : 0,
      "scale" : 0.06,
      "scale-size" : false,
      "softness" : 0,
      "stretch" : 1,
      "structure" : 0,
      "style" : 2
   }
}
