{
   "blend-properties" : {
      "dirty-blending" : false,
      "flow" : 0.80000001192092896,
      "mix-in" : 0,
      "mix-in dilution" : 0.70666646957397461,
      "mix-wet" : false,
      "smudge" : 0.80000001192092896,
      "strength" : 0.20000000298023224
   },
   "display-name" : "Brush Marker",
   "dynamics-properties" : {
      "pressure - effects flow" : false,
      "pressure - effects scatter" : false,
      "pressure - effects size" : true,
      "pressure - effects texture" : true,
      "pressure profile - flow" : [ 0, 1, 0.5, 0.5, 1, 0 ],
      "pressure profile - scatter" : [ 0, 1, 0.5, 0.89999997615814209, 1, 0.60000002384185791 ],
      "pressure profile - size" : [ 0, 0.435546875, 0.51182430982589722, 0.142578125, 1, 0 ],
      "pressure profile - texture" : [ 0, 0.5, 0.5, 0.30000001192092896, 1, 0 ],
      "tilt - effects flow" : false,
      "tilt - effects scatter" : false,
      "tilt - effects size" : false,
      "tilt - effects texture" : true,
      "tilt - offset" : 0.79999995231628418,
      "tilt profile - flow" : [ 0, 0, 0.5, 0, 1, 0.75 ],
      "tilt profile - scatter" : [ 0, 1, 0.5, 1, 1, 0.39999997615814209 ],
      "tilt profile - size" : [ 0, 1, 0.5, 1, 1, 0.75 ],
      "tilt profile - texture" : [ 0, 0, 0.5, 0.19999998807907104, 1, 0.60000002384185791 ],
      "velocity - effects flow" : true,
      "velocity - effects scatter" : false,
      "velocity - effects size" : true,
      "velocity - effects texture" : false,
      "velocity profile - flow" : [
         0,
         0,
         0.47297295928001404,
         0.41015625,
         0.99999994039535522,
         0.91796875
      ],
      "velocity profile - scatter" : [ 0, 0, 0.5, 0.10000002384185791, 1, 0.39999997615814209 ],
      "velocity profile - size" : [
         0,
         0,
         0.40709459781646729,
         0.259765625,
         0.97972971200942993,
         0.330078125
      ],
      "velocity profile - texture" : [ 0, 1, 0.5, 0.5, 1, 0 ]
   },
   "head-properties" : {
      "angle" : 0,
      "flow" : 0.43999999761581421,
      "rotation" : 0,
      "softness" : 0.0039215688593685627,
      "spacing" : 0.037524819374084473,
      "structure" : 0,
      "style" : 0,
      "use-trajectory" : false
   },
   "jitter-properties" : {
      "angle" : 0.015510216355323792,
      "color-brightness" : 0,
      "color-hue" : 0,
      "color-saturation" : 0,
      "flow" : 0,
      "scatter" : 0,
      "size" : 0,
      "texture-position" : 0,
      "texture-scale" : 0
   },
   "parent" : 5,
   "source-properties" : {
      "custom-head" : "",
      "custom-stroke texture" : "",
      "head" : "brush_head_felt_tip",
      "head - color" : false,
      "head - conversion format" : 1,
      "head - profile" : [ 0, 1, 1, 0 ],
      "stroke texture" : "texture_16",
      "stroke texture - color" : false,
      "stroke texture - profile" : [ 0, 1, 1, 0 ]
   },
   "stroke-properties" : {
      "adhesion" : 0,
      "blend-opacity" : 1,
      "blend-size" : 50,
      "blendmode" : 2,
      "blendmode-intensity" : 1,
      "erase-opacity" : 1,
      "erase-size" : 50,
      "flow-profile" : [ 0, 0, 0.30000001192092896, 0, 1, 1 ],
      "has-flow-profile" : false,
      "has-size-profile" : false,
      "lazy-stroke" : 0,
      "paint-opacity" : 1,
      "paint-size" : 43.000007629394531,
      "size-maximum" : 1,
      "size-profile" : [ 0, 1, 0.5, 0, 1, 1 ]
   },
   "texture-properties" : {
      "invert" : false,
      "pressure" : 0.61000001430511475,
      "scale" : 1,
      "scale-size" : false,
      "softness" : 0,
      "stretch" : 1,
      "structure" : 0,
      "style" : 1
   }
}
