{
   "blend-properties" : {
      "dirty-blending" : false,
      "flow" : 1,
      "mix-in" : 0,
      "mix-in dilution" : 0,
      "mix-wet" : false,
      "smudge" : 1,
      "strength" : 0.20000000298023224
   },
   "display-name" : "Coarse Pencil",
   "dynamics-properties" : {
      "pressure - effects dilution" : true,
      "pressure - effects flow" : true,
      "pressure - effects scatter" : false,
      "pressure - effects size" : true,
      "pressure - effects texture" : true,
      "pressure profile - dilution" : [
         0.20000000298023224,
         0,
         0.40000000596046448,
         0.10000000149011612,
         0.60000002384185791,
         0.89999997615814209,
         0.80000001192092896,
         1
      ],
      "pressure profile - flow" : [
         0,
         0.927734375,
         0.32102274894714355,
         0.638671875,
         0.66554051637649536,
         0.154296875,
         1,
         0
      ],
      "pressure profile - scatter" : [ 0, 1, 0.5, 0.89999997615814209, 1, 0.60000002384185791 ],
      "pressure profile - size" : [
         0,
         1,
         0.34121623635292053,
         0.357421875,
         0.66554051637649536,
         0.12890625,
         1,
         0
      ],
      "pressure profile - texture" : [ 0, 0.400390625, 0.57954549789428711, 0.287109375, 1, 0 ],
      "tilt - effects dilution" : false,
      "tilt - effects flow" : true,
      "tilt - effects scatter" : false,
      "tilt - effects size" : true,
      "tilt - effects texture" : true,
      "tilt - gradation" : 0.40259277820587158,
      "tilt - offset" : 0.80755102634429932,
      "tilt profile - dilution" : [
         0.20000000298023224,
         1,
         0.40000000596046448,
         0.89999997615814209,
         0.60000002384185791,
         0.10000000149011612,
         0.80000001192092896,
         0
      ],
      "tilt profile - flow" : [ 0, 0, 0.40340909361839294, 0.47265625, 1, 0.703125 ],
      "tilt profile - scatter" : [ 0, 1, 0.5, 1, 1, 0.39999997615814209 ],
      "tilt profile - size" : [ 0, 1, 0.5, 1, 1, 0.84765625 ],
      "tilt profile - texture" : [ 0, 0.76953125, 0.4464285671710968, 0.740234375, 1, 0.7421875 ],
      "velocity - effects dilution" : false,
      "velocity - effects flow" : false,
      "velocity - effects scatter" : false,
      "velocity - effects size" : false,
      "velocity - effects texture" : true,
      "velocity profile - dilution" : [ 0, 0, 1, 1 ],
      "velocity profile - flow" : [ 0, 0, 0.5, 0.5, 1, 1 ],
      "velocity profile - scatter" : [ 0, 0, 0.5, 0.19999998807907104, 1, 0.39999997615814209 ],
      "velocity profile - size" : [ 0, 0, 0.5, 0.5, 1, 1 ],
      "velocity profile - texture" : [ 0, 0, 0.36824324727058411, 0.2578125, 1, 0.345703125 ]
   },
   "head-properties" : {
      "angle" : 0,
      "flow" : 1,
      "rotation" : 0,
      "softness" : 0.60707777738571167,
      "spacing" : 0.11854428052902222,
      "structure" : 0,
      "style" : 0,
      "use-trajectory" : true
   },
   "jitter-properties" : {
      "angle" : 0,
      "color-brightness" : 0,
      "color-hue" : 0,
      "color-saturation" : 0,
      "color-start brightness" : 0,
      "color-start hue" : 0,
      "color-start saturation" : 0,
      "flow" : 0,
      "scatter" : 0,
      "size" : 0,
      "start-angle" : 0,
      "texture-angle" : 0,
      "texture-position" : 1,
      "texture-scale" : 0.25510203838348389,
      "texture-start-position" : 1
   },
   "parent" : 5,
   "source-properties" : {
      "custom-head" : "",
      "custom-stroke texture" : "",
      "head" : "",
      "head - color" : false,
      "head - colorize" : 1,
      "head - conversion format" : 1,
      "head - profile" : [ 0, 1, 1, 0 ],
      "stroke texture" : "brush_texture_rough_rock",
      "stroke texture - color" : false,
      "stroke texture - colorize" : 1,
      "stroke texture - profile" : [ 0.092391304671764374, 1, 1, 0 ]
   },
   "stroke-properties" : {
      "adhesion" : 0,
      "blend-opacity" : 1,
      "blend-size" : 26.750001907348633,
      "blendmode" : 0,
      "blendmode-intensity" : 1,
      "erase-opacity" : 1,
      "erase-size" : 40,
      "flow-profile" : [ 0, 0, 0.30000001192092896, 0, 1, 1 ],
      "has-flow-profile" : false,
      "has-size-profile" : false,
      "lazy-stroke" : 0,
      "paint-opacity" : 1,
      "paint-size" : 31.502902984619141,
      "size-maximum" : 0.16473276913166046,
      "size-profile" : [ 0, 1, 0.5, 0, 1, 1 ]
   },
   "texture-properties" : {
      "angle" : 0,
      "invert" : false,
      "pressure" : 0.40952330827713013,
      "scale" : 0.19798725843429565,
      "scale-size" : false,
      "softness" : 0,
      "stretch" : 1,
      "structure" : 0,
      "style" : 0
   }
}
