{
   "blend-properties" : {
      "flow" : 1,
      "mix-in" : 0,
      "mix-in dilution" : 0,
      "mix-wet" : false,
      "smudge-amount" : 0.80000001192092896,
      "strength" : 0.20000000298023224
   },
   "display-name" : "Concept Pencil",
   "dynamics-properties" : {
      "pressure - effects dilution" : true,
      "pressure - effects flow" : true,
      "pressure - effects head depth" : false,
      "pressure - effects scatter" : false,
      "pressure - effects size" : true,
      "pressure - effects texture" : true,
      "pressure profile - dilution" : [
         0.20000000298023224,
         0,
         0.40000000596046448,
         0.10000000149011612,
         0.60000002384185791,
         0.89999997615814209,
         0.80000001192092896,
         1
      ],
      "pressure profile - flow" : [
         0,
         1,
         0.36479592323303223,
         0.7059859037399292,
         0.67091834545135498,
         0.19190140068531036,
         1,
         0
      ],
      "pressure profile - head depth" : [ 0, 0, 0.5, 0.5, 1, 1 ],
      "pressure profile - scatter" : [ 0, 1, 0.5, 0.89999997615814209, 1, 0.60000002384185791 ],
      "pressure profile - size" : [
         0,
         0.76171875,
         0.32336956262588501,
         0.513671875,
         0.56925672292709351,
         0.1640625,
         1,
         0
      ],
      "pressure profile - texture" : [ 0, 0.5, 0.5, 0.30000001192092896, 1, 0 ],
      "tilt - effects dilution" : false,
      "tilt - effects flow" : true,
      "tilt - effects head depth" : false,
      "tilt - effects scatter" : false,
      "tilt - effects size" : true,
      "tilt - effects texture" : true,
      "tilt - gradation" : 0.80000001192092896,
      "tilt - offset" : 0.80000001192092896,
      "tilt profile - dilution" : [
         0.20000000298023224,
         1,
         0.40000000596046448,
         0.89999997615814209,
         0.60000002384185791,
         0.10000000149011612,
         0.80000001192092896,
         0
      ],
      "tilt profile - flow" : [
         0,
         0,
         0.31925678253173828,
         0,
         0.67567569017410278,
         0.69140625,
         1,
         0.931640625
      ],
      "tilt profile - head depth" : [ 0, 1, 1, 0 ],
      "tilt profile - scatter" : [ 0, 1, 0.50337839126586914, 1, 1, 0 ],
      "tilt profile - size" : [ 0, 1, 0.7939189076423645, 1, 1, 0.869140625 ],
      "tilt profile - texture" : [ 0.03125, 0.884765625, 0.58238637447357178, 0.63671875, 1, 0 ],
      "velocity - effects dilution" : false,
      "velocity - effects flow" : true,
      "velocity - effects head depth" : false,
      "velocity - effects scatter" : false,
      "velocity - effects size" : true,
      "velocity - effects texture" : false,
      "velocity profile - dilution" : [ 0, 0, 1, 1 ],
      "velocity profile - flow" : [ 0, 0, 0.32653060555458069, 0.66021126508712769, 1, 1 ],
      "velocity profile - head depth" : [ 0, 1, 1, 0 ],
      "velocity profile - scatter" : [ 0, 0, 0.5, 0.19999998807907104, 1, 0.39999997615814209 ],
      "velocity profile - size" : [ 0, 0, 0.33952704071998596, 0.3359375, 1, 0.568359375 ],
      "velocity profile - texture" : [ 0, 0, 0.68112242221832275, 0.33274644613265991, 1, 1 ]
   },
   "head-properties" : {
      "angle" : 0,
      "depth" : 0,
      "flow" : 0.30214303731918335,
      "rotation" : 0,
      "screen-aligned" : false,
      "softness" : 0.25520831346511841,
      "spacing" : 0.20000000298023224,
      "structure" : 0,
      "style" : 0,
      "use-trajectory" : false
   },
   "jitter-properties" : {
      "angle" : 0,
      "color-brightness" : 0,
      "color-hue" : 0,
      "color-saturation" : 0,
      "color-start brightness" : 0,
      "color-start hue" : 0,
      "color-start saturation" : 0,
      "flow" : 0,
      "scatter" : 0,
      "size" : 0,
      "start-angle" : 0,
      "texture-angle" : 0,
      "texture-position" : 0,
      "texture-scale" : 0,
      "texture-start-position" : 0
   },
   "parent" : 311,
   "source-properties" : {
      "custom-head" : "",
      "custom-stroke texture" : "",
      "head" : "",
      "head - color" : false,
      "head - colorize" : 1,
      "head - conversion format" : 1,
      "head - profile" : [ 0, 1, 1, 0 ],
      "stroke texture" : "",
      "stroke texture - color" : false,
      "stroke texture - colorize" : 1,
      "stroke texture - profile" : [ 0, 1, 1, 0 ]
   },
   "stroke-properties" : {
      "adhesion" : 0,
      "blend-opacity" : 1,
      "blend-size" : 40,
      "blendmode" : 0,
      "blendmode-intensity" : 1,
      "erase-opacity" : 1,
      "erase-size" : 40,
      "flow-profile" : [ 0, 0, 0.30000001192092896, 0, 1, 1 ],
      "glaze-strokes" : 0,
      "has-flow-profile" : false,
      "has-size-profile" : false,
      "lazy-stroke" : 0.10166667401790619,
      "paint-opacity" : 1,
      "paint-size" : 34.871917724609375,
      "size-maximum" : 0.078400015830993652,
      "size-profile" : [ 0, 1, 0.5, 0, 1, 1 ]
   },
   "texture-properties" : {
      "angle" : 0,
      "invert" : false,
      "pressure" : 0.60040831565856934,
      "scale" : 1,
      "scale-size" : false,
      "softness" : 0,
      "stretch" : 1,
      "structure" : 0,
      "style" : 1
   }
}
