{
   "blend-properties" : {
      "dirty-blending" : false,
      "flow" : 1,
      "mix-in" : 0,
      "mix-in dilution" : 0,
      "mix-wet" : false,
      "smudge" : 0.60000002384185791,
      "strength" : 0.20000000298023224
   },
   "display-name" : "Dash 45",
   "dynamics-properties" : {
      "pressure - effects flow" : true,
      "pressure - effects scatter" : false,
      "pressure - effects size" : true,
      "pressure - effects texture" : true,
      "pressure profile - flow" : [
         0,
         1,
         0.27840909361839294,
         0.673828125,
         0.58952701091766357,
         0.146484375,
         1,
         0
      ],
      "pressure profile - scatter" : [ 0, 1, 0.5, 0.89999997615814209, 1, 0.60000002384185791 ],
      "pressure profile - size" : [
         0,
         0.67578125,
         0.39189189672470093,
         0.61328125,
         0.60810810327529907,
         0.39453125,
         0.99324327707290649,
         0.33984375
      ],
      "pressure profile - texture" : [ 0, 0.5, 0.5, 0.30000001192092896, 1, 0 ],
      "tilt - effects flow" : false,
      "tilt - effects scatter" : false,
      "tilt - effects size" : false,
      "tilt - effects texture" : true,
      "tilt - offset" : 0.80000001192092896,
      "tilt profile - flow" : [ 0, 0, 0.5, 0, 1, 0.75 ],
      "tilt profile - scatter" : [ 0, 1, 0.5, 1, 1, 0 ],
      "tilt profile - size" : [ 0, 1, 0.5, 1, 1, 0 ],
      "tilt profile - texture" : [ 0, 0, 0.5, 0.19999998807907104, 1, 0.60000002384185791 ],
      "velocity - effects flow" : false,
      "velocity - effects scatter" : false,
      "velocity - effects size" : false,
      "velocity - effects texture" : false,
      "velocity profile - flow" : [ 0, 0, 0.5, 0.5, 1, 1 ],
      "velocity profile - scatter" : [ 0, 0, 0.5, 0.19999998807907104, 1, 0.39999997615814209 ],
      "velocity profile - size" : [ 0, 0, 0.5, 0.5, 1, 1 ],
      "velocity profile - texture" : [ 0, 1, 0.5, 0.5, 1, 0 ]
   },
   "head-properties" : {
      "angle" : 0,
      "flow" : 1,
      "rotation" : -0.0038460493087768555,
      "softness" : 0,
      "spacing" : 0.12348301708698273,
      "structure" : 0,
      "style" : 0,
      "use-trajectory" : false
   },
   "jitter-properties" : {
      "angle" : 0,
      "color-brightness" : 0,
      "color-hue" : 0,
      "color-saturation" : 0,
      "flow" : 0,
      "scatter" : 1,
      "size" : 0,
      "texture-position" : 0,
      "texture-scale" : 0
   },
   "parent" : 100,
   "pixel-properties" : {
      "pixel-angle" : 45.225006103515625,
      "pixel-grid size" : 5.1323189735412598,
      "pixel-scale size" : false
   },
   "source-properties" : {
      "custom-head" : "",
      "custom-stroke texture" : "",
      "head" : "head_calligraphy_thin",
      "head - color" : false,
      "head - conversion format" : 1,
      "head - profile" : [ 0, 1, 1, 0 ],
      "stroke texture" : "",
      "stroke texture - color" : false,
      "stroke texture - profile" : [ 0, 1, 1, 0 ]
   },
   "stroke-properties" : {
      "adhesion" : 0,
      "blend-opacity" : 1,
      "blend-size" : 40,
      "blendmode" : 0,
      "blendmode-intensity" : 1,
      "erase-opacity" : 1,
      "erase-size" : 40,
      "flow-profile" : [ 0, 0, 0.30000001192092896, 0, 1, 1 ],
      "has-flow-profile" : false,
      "has-size-profile" : false,
      "lazy-stroke" : 0,
      "paint-opacity" : 1,
      "paint-size" : 54.192333221435547,
      "size-maximum" : 0.22153803706169128,
      "size-profile" : [ 0, 1, 0.5, 0, 1, 1 ]
   },
   "texture-properties" : {
      "invert" : false,
      "pressure" : 0.60000002384185791,
      "scale" : 1,
      "scale-size" : false,
      "softness" : 0,
      "stretch" : 1,
      "structure" : 0,
      "style" : 1
   }
}
