{
   "blend-properties" : {
      "dirty-blending" : false,
      "flow" : 1,
      "mix-in" : 0,
      "mix-in dilution" : 0,
      "mix-wet" : false,
      "smudge" : 0.60000002384185791,
      "strength" : 0.20000000298023224
   },
   "display-name" : "Dry Ink Marker",
   "dynamics-properties" : {
      "pressure - effects dilution" : true,
      "pressure - effects flow" : false,
      "pressure - effects head depth" : false,
      "pressure - effects scatter" : false,
      "pressure - effects size" : false,
      "pressure - effects texture" : true,
      "pressure profile - dilution" : [
         0.20000000298023224,
         0,
         0.40000000596046448,
         0.10000000149011612,
         0.60000002384185791,
         0.89999997615814209,
         0.80000001192092896,
         1
      ],
      "pressure profile - flow" : [ 0, 1, 0.33000001311302185, 0.3399999737739563, 1, 0 ],
      "pressure profile - head depth" : [ 0, 1, 1, 0 ],
      "pressure profile - scatter" : [ 0, 1, 0.5, 0.89999997615814209, 1, 0.60000002384185791 ],
      "pressure profile - size" : [ 0, 1, 0.33000001311302185, 0.3399999737739563, 1, 0 ],
      "pressure profile - texture" : [
         0,
         0.44485294818878174,
         0.31887754797935486,
         0.37316176295280457,
         0.68112242221832275,
         0.079044118523597717,
         1,
         0
      ],
      "tilt - effects dilution" : false,
      "tilt - effects flow" : false,
      "tilt - effects head depth" : false,
      "tilt - effects scatter" : false,
      "tilt - effects size" : true,
      "tilt - effects texture" : true,
      "tilt - gradation" : 0.50296312570571899,
      "tilt - offset" : 0.80000001192092896,
      "tilt profile - dilution" : [
         0.20000000298023224,
         1,
         0.40000000596046448,
         0.89999997615814209,
         0.60000002384185791,
         0.10000000149011612,
         0.80000001192092896,
         0
      ],
      "tilt profile - flow" : [ 0, 0, 0.5, 0, 1, 0.75 ],
      "tilt profile - head depth" : [ 0, 1, 1, 0 ],
      "tilt profile - scatter" : [ 0, 1, 0.5, 1, 1, 0.39999997615814209 ],
      "tilt profile - size" : [ 0, 1, 0.5, 1, 1, 0.67578125 ],
      "tilt profile - texture" : [ 0, 0, 1, 0.13419118523597717 ],
      "velocity - effects dilution" : false,
      "velocity - effects flow" : false,
      "velocity - effects head depth" : false,
      "velocity - effects scatter" : false,
      "velocity - effects size" : false,
      "velocity - effects texture" : true,
      "velocity profile - dilution" : [ 0, 0, 1, 1 ],
      "velocity profile - flow" : [ 0, 0, 0.5, 0.5, 1, 1 ],
      "velocity profile - head depth" : [ 0, 1, 1, 0 ],
      "velocity profile - scatter" : [ 0, 0, 0.5, 0.19999998807907104, 1, 0.39999997615814209 ],
      "velocity profile - size" : [ 0, 0, 0.5, 0.5, 1, 1 ],
      "velocity profile - texture" : [ 0, 0, 0.3243243396282196, 0.517578125, 1, 0.78515625 ]
   },
   "head-properties" : {
      "angle" : 0,
      "depth" : 0,
      "flow" : 1,
      "rotation" : 0,
      "softness" : 0,
      "spacing" : 0.039999999105930328,
      "structure" : 0,
      "style" : 0,
      "use-trajectory" : true
   },
   "jitter-properties" : {
      "angle" : 0.0099999997764825821,
      "color-brightness" : 0,
      "color-hue" : 0,
      "color-saturation" : 0,
      "color-start brightness" : 0,
      "color-start hue" : 0,
      "color-start saturation" : 0,
      "flow" : 0,
      "scatter" : 0,
      "size" : 0,
      "start-angle" : 0,
      "texture-angle" : 0,
      "texture-position" : 0,
      "texture-scale" : 0,
      "texture-start-position" : 0
   },
   "parent" : 307,
   "source-properties" : {
      "custom-head" : "",
      "custom-stroke texture" : "",
      "head" : "head_copic_flat",
      "head - color" : false,
      "head - colorize" : 1,
      "head - conversion format" : 1,
      "head - profile" : [ 0, 1, 1, 0 ],
      "stroke texture" : "brush_texture_rough_rock",
      "stroke texture - color" : false,
      "stroke texture - colorize" : 1,
      "stroke texture - profile" : [
         0,
         0.87109375,
         0.6689189076423645,
         0.71484375,
         0.84628379344940186,
         0.23828125,
         1,
         0.8359375
      ]
   },
   "stroke-properties" : {
      "adhesion" : 0.80537962913513184,
      "blend-opacity" : 1,
      "blend-size" : 40,
      "blendmode" : 2,
      "blendmode-intensity" : 0.60409098863601685,
      "erase-opacity" : 1,
      "erase-size" : 40,
      "flow-profile" : [ 0, 0, 0.30000001192092896, 0, 1, 1 ],
      "has-flow-profile" : false,
      "has-size-profile" : false,
      "lazy-stroke" : 0.10175924748182297,
      "paint-opacity" : 0.94999998807907104,
      "paint-size" : 67.384788513183594,
      "size-maximum" : 0.41888502240180969,
      "size-profile" : [ 0, 1, 0.5, 0, 1, 1 ]
   },
   "texture-properties" : {
      "angle" : 0,
      "invert" : false,
      "pressure" : 0.60403883457183838,
      "scale" : 0.50499963760375977,
      "scale-size" : false,
      "softness" : 0.5075000524520874,
      "stretch" : 19.83201789855957,
      "structure" : 0,
      "style" : 2
   }
}
