{
   "blend-properties" : {
      "dirty-blending" : false,
      "flow" : 0.80000001192092896,
      "mix-in" : 0,
      "mix-in dilution" : 0,
      "mix-wet" : false,
      "smudge" : 0.80000001192092896,
      "strength" : 0.20000000298023224
   },
   "display-name" : "Dry Inker",
   "dynamics-properties" : {
      "pressure - effects dilution" : true,
      "pressure - effects flow" : false,
      "pressure - effects head depth" : false,
      "pressure - effects scatter" : false,
      "pressure - effects size" : true,
      "pressure - effects texture" : true,
      "pressure profile - dilution" : [
         0.20000000298023224,
         0,
         0.40000000596046448,
         0.10000000149011612,
         0.60000002384185791,
         0.89999997615814209,
         0.80000001192092896,
         1
      ],
      "pressure profile - flow" : [
         0,
         0.9609375,
         0.25815215706825256,
         0.734375,
         0.61684787273406982,
         0.203125,
         1,
         0
      ],
      "pressure profile - head depth" : [ 0, 1, 1, 0 ],
      "pressure profile - scatter" : [ 0, 1, 0.5, 0.89999997615814209, 1, 0.60000002384185791 ],
      "pressure profile - size" : [
         0,
         1,
         0.31122449040412903,
         0.77205884456634521,
         0.65051019191741943,
         0.23161765933036804,
         1,
         0
      ],
      "pressure profile - texture" : [ 0, 1, 0.48097828030586243, 0.599609375, 1, 0.26171875 ],
      "tilt - effects dilution" : false,
      "tilt - effects flow" : true,
      "tilt - effects head depth" : false,
      "tilt - effects scatter" : false,
      "tilt - effects size" : true,
      "tilt - effects texture" : false,
      "tilt - gradation" : 0.80000001192092896,
      "tilt - offset" : 1,
      "tilt profile - dilution" : [
         0.20000000298023224,
         1,
         0.40000000596046448,
         0.89999997615814209,
         0.60000002384185791,
         0.10000000149011612,
         0.80000001192092896,
         0
      ],
      "tilt profile - flow" : [
         0,
         0,
         0.1820652186870575,
         0.267578125,
         0.56250005960464478,
         0.857421875,
         1,
         0.9921875
      ],
      "tilt profile - head depth" : [ 0, 1, 1, 0 ],
      "tilt profile - scatter" : [ 0, 1, 0.5, 1, 1, 0.39999997615814209 ],
      "tilt profile - size" : [ 0, 1, 0.5, 1, 1, 0.419921875 ],
      "tilt profile - texture" : [ 0, 0.78125, 0.23369565606117249, 0, 1, 0 ],
      "velocity - effects dilution" : false,
      "velocity - effects flow" : false,
      "velocity - effects head depth" : false,
      "velocity - effects scatter" : false,
      "velocity - effects size" : false,
      "velocity - effects texture" : false,
      "velocity profile - dilution" : [ 0, 0, 1, 1 ],
      "velocity profile - flow" : [ 0, 0, 0.5, 0.69999998807907104, 1, 1 ],
      "velocity profile - head depth" : [ 0, 1, 1, 0 ],
      "velocity profile - scatter" : [ 0, 0, 0.5, 0.10000002384185791, 1, 0.39999997615814209 ],
      "velocity profile - size" : [ 0, 0, 0.5, 0.69999998807907104, 1, 1 ],
      "velocity profile - texture" : [ 0, 1, 0.5, 0.5, 1, 0 ]
   },
   "head-properties" : {
      "angle" : 0,
      "depth" : 0,
      "flow" : 1,
      "rotation" : 0,
      "softness" : 0.56127458810806274,
      "spacing" : 0.019999999552965164,
      "structure" : 0,
      "style" : 0,
      "use-trajectory" : false
   },
   "jitter-properties" : {
      "angle" : 0,
      "color-brightness" : 0,
      "color-hue" : 0,
      "color-saturation" : 0,
      "color-start brightness" : 0,
      "color-start hue" : 0,
      "color-start saturation" : 0,
      "flow" : 0,
      "scatter" : 0,
      "size" : 0.23999999463558197,
      "start-angle" : 0,
      "texture-angle" : 0,
      "texture-position" : 0,
      "texture-scale" : 0,
      "texture-start-position" : 0
   },
   "parent" : 1,
   "source-properties" : {
      "custom-head" : "",
      "custom-stroke texture" : "",
      "head" : "brush_head_sharp_round",
      "head - color" : false,
      "head - colorize" : 1,
      "head - conversion format" : 0,
      "head - profile" : [ 0, 1, 0.77298855781555176, 0.744140625, 1, 0 ],
      "stroke texture" : "texture_11",
      "stroke texture - color" : false,
      "stroke texture - colorize" : 1,
      "stroke texture - profile" : [
         0,
         1,
         0.20380434393882751,
         0.60546875,
         0.76086962223052979,
         0.337890625,
         1,
         0
      ]
   },
   "stroke-properties" : {
      "adhesion" : 0.40166646242141724,
      "blend-opacity" : 1,
      "blend-size" : 40,
      "blendmode" : 0,
      "blendmode-intensity" : 1,
      "erase-opacity" : 1,
      "erase-size" : 40,
      "flow-profile" : [ 0, 0, 0.30000001192092896, 0, 1, 1 ],
      "has-flow-profile" : false,
      "has-size-profile" : false,
      "lazy-stroke" : 0.20499995350837708,
      "paint-opacity" : 1,
      "paint-size" : 63.249500274658203,
      "size-maximum" : 0.14000000059604645,
      "size-profile" : [
         0.033826641738414764,
         0.62790697813034058,
         0.5,
         0,
         1,
         0.71247357130050659
      ]
   },
   "texture-properties" : {
      "angle" : 0,
      "invert" : true,
      "pressure" : 0.20764714479446411,
      "scale" : 1,
      "scale-size" : false,
      "softness" : 0,
      "stretch" : 1,
      "structure" : 0,
      "style" : 0
   }
}
