{
   "blend-properties" : {
      "dirty-blending" : false,
      "flow" : 1,
      "mix-in" : 0.20000000298023224,
      "mix-in dilution" : 0,
      "mix-wet" : false,
      "smudge" : 1,
      "strength" : 0.70064806938171387
   },
   "display-name" : "Filbert",
   "dynamics-properties" : {
      "pressure - effects dilution" : true,
      "pressure - effects flow" : false,
      "pressure - effects head depth" : true,
      "pressure - effects scatter" : false,
      "pressure - effects size" : true,
      "pressure - effects texture" : true,
      "pressure profile - dilution" : [
         0.20000000298023224,
         0,
         0.40000000596046448,
         0.10000000149011612,
         0.60000002384185791,
         0.89999997615814209,
         0.80000001192092896,
         1
      ],
      "pressure profile - flow" : [ 0, 1, 0.33000001311302185, 0.3399999737739563, 1, 0 ],
      "pressure profile - head depth" : [ 0, 0, 1, 1 ],
      "pressure profile - scatter" : [ 0, 1, 0.5, 0.89999997615814209, 1, 0.60000002384185791 ],
      "pressure profile - size" : [ 0, 1, 0.33000001311302185, 0.3399999737739563, 1, 0 ],
      "pressure profile - texture" : [
         0.0076530575752258301,
         0.86764705181121826,
         0.53826528787612915,
         0.51654410362243652,
         1,
         0
      ],
      "tilt - effects dilution" : false,
      "tilt - effects flow" : false,
      "tilt - effects head depth" : false,
      "tilt - effects scatter" : false,
      "tilt - effects size" : true,
      "tilt - effects texture" : true,
      "tilt - gradation" : 0.60000020265579224,
      "tilt - offset" : 0.80000001192092896,
      "tilt profile - dilution" : [
         0.20000000298023224,
         1,
         0.40000000596046448,
         0.89999997615814209,
         0.60000002384185791,
         0.10000000149011612,
         0.80000001192092896,
         0
      ],
      "tilt profile - flow" : [ 0, 0, 0.5, 0, 1, 0.75 ],
      "tilt profile - head depth" : [ 0, 1, 1, 0 ],
      "tilt profile - scatter" : [ 0, 1, 0.5, 1, 1, 0.39999997615814209 ],
      "tilt profile - size" : [ 0, 1, 0.5, 1, 1, 0.65625 ],
      "tilt profile - texture" : [
         0,
         0,
         0.51275509595870972,
         0.049632351845502853,
         1,
         0.18382354080677032
      ],
      "velocity - effects dilution" : false,
      "velocity - effects flow" : false,
      "velocity - effects head depth" : false,
      "velocity - effects scatter" : false,
      "velocity - effects size" : false,
      "velocity - effects texture" : false,
      "velocity profile - dilution" : [ 0, 0, 1, 1 ],
      "velocity profile - flow" : [ 0, 0, 0.5, 0.5, 1, 1 ],
      "velocity profile - head depth" : [ 0, 1, 1, 0 ],
      "velocity profile - scatter" : [ 0, 0, 0.5, 0.19999998807907104, 1, 0.39999997615814209 ],
      "velocity profile - size" : [ 0, 0, 0.5, 0.5, 1, 1 ],
      "velocity profile - texture" : [ 0, 1, 0.5, 0.5, 1, 0 ]
   },
   "head-properties" : {
      "angle" : 0,
      "depth" : 0,
      "flow" : 1,
      "rotation" : 1,
      "softness" : 0.49768549203872681,
      "spacing" : 0.05000000074505806,
      "structure" : 0.10583332180976868,
      "style" : 0,
      "use-trajectory" : false
   },
   "jitter-properties" : {
      "angle" : 0,
      "color-brightness" : 0,
      "color-hue" : 0,
      "color-saturation" : 0,
      "color-start brightness" : 0,
      "color-start hue" : 0,
      "color-start saturation" : 0,
      "flow" : 0,
      "scatter" : 0,
      "size" : 0,
      "start-angle" : 0,
      "texture-angle" : 0,
      "texture-position" : 0,
      "texture-scale" : 0,
      "texture-start-position" : 0
   },
   "parent" : 200,
   "source-properties" : {
      "custom-head" : "",
      "custom-stroke texture" : "",
      "head" : "head_bristle",
      "head - color" : false,
      "head - colorize" : 1,
      "head - conversion format" : 1,
      "head - profile" : [ 0, 1, 1, 0 ],
      "stroke texture" : "texture_13",
      "stroke texture - color" : false,
      "stroke texture - colorize" : 1,
      "stroke texture - profile" : [ 0, 1, 1, 0 ]
   },
   "stroke-properties" : {
      "adhesion" : 0.25694447755813599,
      "blend-opacity" : 1,
      "blend-size" : 40,
      "blendmode" : 0,
      "blendmode-intensity" : 1,
      "erase-opacity" : 1,
      "erase-size" : 40,
      "flow-profile" : [ 0, 0, 0.30000001192092896, 0, 1, 1 ],
      "has-flow-profile" : false,
      "has-size-profile" : false,
      "lazy-stroke" : 0,
      "paint-opacity" : 1,
      "paint-size" : 40.362220764160156,
      "size-maximum" : 1,
      "size-profile" : [ 0, 1, 0.5, 0, 1, 1 ]
   },
   "texture-properties" : {
      "angle" : 0,
      "invert" : false,
      "pressure" : 0.40238076448440552,
      "scale" : 1,
      "scale-size" : false,
      "softness" : 0,
      "stretch" : 1,
      "structure" : 0,
      "style" : 1
   }
}
