{
   "blend-properties" : {
      "flow" : 0.5,
      "mix-in" : 0.25833335518836975,
      "mix-in dilution" : 0.57666701078414917,
      "mix-wet" : false,
      "smudge-amount" : 0.75,
      "strength" : 0.5
   },
   "display-name" : "Fine Blender",
   "dynamics-properties" : {
      "pressure - effects dilution" : true,
      "pressure - effects flow" : true,
      "pressure - effects head depth" : false,
      "pressure - effects scatter" : false,
      "pressure - effects size" : false,
      "pressure - effects texture" : true,
      "pressure profile - dilution" : [
         0.20000000298023224,
         0,
         0.40000000596046448,
         0.10000000149011612,
         0.60000002384185791,
         0.89999997615814209,
         0.80000001192092896,
         1
      ],
      "pressure profile - flow" : [ 0, 1, 0.5185810923576355, 0.59375, 1, 0 ],
      "pressure profile - head depth" : [ 0, 0, 0.5, 0.5, 1, 1 ],
      "pressure profile - scatter" : [ 0, 1, 0.5, 0.89999997615814209, 1, 0.60000002384185791 ],
      "pressure profile - size" : [ 0, 1, 0.47321426868438721, 0.5234375, 1, 0 ],
      "pressure profile - texture" : [ 0, 0.5, 0.5, 0.30000001192092896, 1, 0 ],
      "tilt - effects dilution" : false,
      "tilt - effects flow" : false,
      "tilt - effects head depth" : false,
      "tilt - effects scatter" : false,
      "tilt - effects size" : false,
      "tilt - effects texture" : true,
      "tilt - gradation" : 0.80000001192092896,
      "tilt - offset" : 0.80000001192092896,
      "tilt profile - dilution" : [
         0.20000000298023224,
         1,
         0.40000000596046448,
         0.89999997615814209,
         0.60000002384185791,
         0.10000000149011612,
         0.80000001192092896,
         0
      ],
      "tilt profile - flow" : [ 0, 0, 0.5, 0, 1, 0.75 ],
      "tilt profile - head depth" : [ 0, 1, 1, 0 ],
      "tilt profile - scatter" : [ 0, 1, 0.5, 1, 1, 0.39999997615814209 ],
      "tilt profile - size" : [ 0, 1, 0.5, 1, 1, 0 ],
      "tilt profile - texture" : [ 0, 0, 0.5, 0.19999998807907104, 1, 0.60000002384185791 ],
      "velocity - effects dilution" : false,
      "velocity - effects flow" : false,
      "velocity - effects head depth" : false,
      "velocity - effects scatter" : false,
      "velocity - effects size" : false,
      "velocity - effects texture" : false,
      "velocity profile - dilution" : [ 0, 0, 1, 1 ],
      "velocity profile - flow" : [ 0, 0, 0.5, 0.5, 1, 1 ],
      "velocity profile - head depth" : [ 0, 1, 1, 0 ],
      "velocity profile - scatter" : [ 0, 0, 0.5, 0.19999998807907104, 1, 0.39999997615814209 ],
      "velocity profile - size" : [ 0, 0, 0.5, 0.5, 1, 1 ],
      "velocity profile - texture" : [ 0, 1, 0.5, 0.5, 1, 0 ]
   },
   "head-properties" : {
      "angle" : 0,
      "depth" : 0,
      "flow" : 1,
      "rotation" : 0,
      "screen-aligned" : false,
      "softness" : 0,
      "spacing" : 0.019999999552965164,
      "structure" : 0,
      "style" : 0,
      "use-trajectory" : true
   },
   "jitter-properties" : {
      "angle" : 0,
      "color-brightness" : 0,
      "color-hue" : 0,
      "color-saturation" : 0,
      "color-start brightness" : 0,
      "color-start hue" : 0,
      "color-start saturation" : 0,
      "flow" : 0,
      "scatter" : 0,
      "size" : 0,
      "start-angle" : 0,
      "texture-angle" : 0,
      "texture-position" : 0,
      "texture-scale" : 0,
      "texture-start-position" : 0
   },
   "parent" : -1,
   "source-properties" : {
      "custom-head" : "",
      "custom-stroke texture" : "",
      "head" : "head_charcoal_fine",
      "head - color" : false,
      "head - colorize" : 1,
      "head - conversion format" : 1,
      "head - profile" : [ 0, 1, 0.79285717010498047, 0.72265625, 1, 0 ],
      "stroke texture" : "",
      "stroke texture - color" : false,
      "stroke texture - colorize" : 1,
      "stroke texture - profile" : [ 0, 1, 1, 0 ]
   },
   "stroke-properties" : {
      "adhesion" : 0,
      "blend-opacity" : 1,
      "blend-size" : 40,
      "blendmode" : 0,
      "blendmode-intensity" : 1,
      "erase-opacity" : 1,
      "erase-size" : 9.8887815475463867,
      "flow-profile" : [ 0, 0, 0.30000001192092896, 0, 1, 1 ],
      "glaze-strokes" : 0,
      "has-flow-profile" : false,
      "has-size-profile" : false,
      "lazy-stroke" : 0,
      "paint-opacity" : 1,
      "paint-size" : 56.726688385009766,
      "size-maximum" : 0.95999997854232788,
      "size-profile" : [ 0, 1, 0.5, 0, 1, 1 ],
      "wet-edges" : 0
   },
   "texture-properties" : {
      "angle" : 0,
      "invert" : false,
      "pressure" : 0.89166665077209473,
      "scale" : 1,
      "scale-size" : false,
      "softness" : 0,
      "stretch" : 1,
      "structure" : 0,
      "style" : 0
   }
}
