{
   "blend-properties" : {
      "dirty-blending" : false,
      "flow" : 1,
      "mix-in" : 0,
      "mix-in dilution" : 0,
      "mix-wet" : false,
      "smudge" : 0.60000002384185791,
      "strength" : 0.20000000298023224
   },
   "display-name" : "Gel Pen",
   "dynamics-properties" : {
      "pressure - effects flow" : false,
      "pressure - effects scatter" : false,
      "pressure - effects size" : true,
      "pressure - effects texture" : true,
      "pressure profile - flow" : [ 0, 1, 0.18918919563293457, 0.09375, 1, 0 ],
      "pressure profile - scatter" : [ 0, 1, 0.5, 0.89999997615814209, 1, 0.60000002384185791 ],
      "pressure profile - size" : [
         0,
         0.890625,
         0.36781609058380127,
         0.587890625,
         0.65202701091766357,
         0.1953125,
         1,
         0
      ],
      "pressure profile - texture" : [ 0, 0.3203125, 0.49662163853645325, 0.2109375, 1, 0 ],
      "tilt - effects flow" : false,
      "tilt - effects scatter" : false,
      "tilt - effects size" : true,
      "tilt - effects texture" : true,
      "tilt - offset" : 0.80000001192092896,
      "tilt profile - flow" : [ 0, 0, 0.5, 0, 1, 0.75 ],
      "tilt profile - scatter" : [ 0, 1, 0.5, 1, 1, 0.39999997615814209 ],
      "tilt profile - size" : [ 0, 1, 0.5, 1, 1, 0.95703125 ],
      "tilt profile - texture" : [ 0, 0.76953125, 0.39864867925643921, 0, 1, 0 ],
      "velocity - effects flow" : false,
      "velocity - effects scatter" : false,
      "velocity - effects size" : false,
      "velocity - effects texture" : false,
      "velocity profile - flow" : [ 0, 0, 0.5, 0.5, 1, 1 ],
      "velocity profile - scatter" : [ 0, 0, 0.5, 0.19999998807907104, 1, 0.39999997615814209 ],
      "velocity profile - size" : [ 0, 0, 0.51351350545883179, 0.212890625, 1, 0.701171875 ],
      "velocity profile - texture" : [ 0, 1, 0.5, 0.5, 1, 0 ]
   },
   "head-properties" : {
      "angle" : 0,
      "flow" : 1,
      "rotation" : 0,
      "softness" : 0.69571429491043091,
      "spacing" : 0.20000000298023224,
      "structure" : 0,
      "style" : 0,
      "use-trajectory" : false
   },
   "jitter-properties" : {
      "angle" : 0,
      "color-brightness" : 0,
      "color-hue" : 0,
      "color-saturation" : 0,
      "flow" : 0,
      "scatter" : 0,
      "size" : 0,
      "texture-position" : 0,
      "texture-scale" : 0
   },
   "parent" : 310,
   "source-properties" : {
      "custom-head" : "",
      "custom-stroke texture" : "",
      "head" : "",
      "head - color" : false,
      "head - conversion format" : 1,
      "head - profile" : [ 0, 1, 1, 0 ],
      "stroke texture" : "texture_7",
      "stroke texture - color" : false,
      "stroke texture - profile" : [
         0,
         1,
         0.51520270109176636,
         0.67578125,
         0.69252872467041016,
         0.19140625,
         1,
         0
      ]
   },
   "stroke-properties" : {
      "adhesion" : 0.60523885488510132,
      "blend-opacity" : 1,
      "blend-size" : 40,
      "blendmode" : 0,
      "blendmode-intensity" : 1,
      "erase-opacity" : 1,
      "erase-size" : 16.25,
      "flow-profile" : [ 0, 0, 0.30000001192092896, 0, 1, 1 ],
      "has-flow-profile" : false,
      "has-size-profile" : false,
      "lazy-stroke" : 0,
      "paint-opacity" : 0.90972232818603516,
      "paint-size" : 48.125,
      "size-maximum" : 0.10118452459573746,
      "size-profile" : [
         0,
         0.666015625,
         0.1689189225435257,
         0,
         0.80743241310119629,
         0,
         1,
         0.66796875
      ]
   },
   "texture-properties" : {
      "invert" : false,
      "pressure" : 0.40065902471542358,
      "scale" : 2,
      "scale-size" : false,
      "softness" : 0,
      "stretch" : 23.866670608520508,
      "structure" : 0,
      "style" : 1
   }
}
