{
   "blend-properties" : {
      "dirty-blending" : false,
      "flow" : 1,
      "mix-in" : 0,
      "mix-in dilution" : 0,
      "mix-wet" : false,
      "smudge" : 0,
      "strength" : 0
   },
   "display-name" : "Hatching",
   "dynamics-properties" : {
      "pressure - effects flow" : true,
      "pressure - effects scatter" : true,
      "pressure - effects size" : false,
      "pressure - effects texture" : true,
      "pressure profile - flow" : [ 0, 1, 1, 0 ],
      "pressure profile - scatter" : [ 0, 1, 0.3429054319858551, 0.33203125, 0.97635132074356079, 0 ],
      "pressure profile - size" : [
         0,
         0.59765625,
         0.31925678253173828,
         0.419921875,
         0.67398649454116821,
         0.12890625,
         1,
         0
      ],
      "pressure profile - texture" : [
         0,
         1,
         0.41385135054588318,
         0.82421875,
         0.72297298908233643,
         0.220703125,
         1,
         0
      ],
      "tilt - effects flow" : true,
      "tilt - effects scatter" : true,
      "tilt - effects size" : false,
      "tilt - effects texture" : false,
      "tilt - offset" : 0.80000001192092896,
      "tilt profile - flow" : [ 0, 0, 0.66216212511062622, 0.330078125, 1, 1 ],
      "tilt profile - scatter" : [ 0, 1, 0.5, 1, 1, 0.39999997615814209 ],
      "tilt profile - size" : [ 0, 1, 0.5, 1, 1, 0 ],
      "tilt profile - texture" : [ 0, 0, 0.56925672292709351, 0.134765625, 1, 0.544921875 ],
      "velocity - effects flow" : false,
      "velocity - effects scatter" : false,
      "velocity - effects size" : false,
      "velocity - effects texture" : false,
      "velocity profile - flow" : [
         0,
         0,
         0.37668919563293457,
         0.13671875,
         0.67229729890823364,
         0.4296875,
         0.98479729890823364,
         0.646484375
      ],
      "velocity profile - scatter" : [
         0,
         1,
         0.62162160873413086,
         0.91015625,
         0.87837839126586914,
         0.47265625,
         1,
         0
      ],
      "velocity profile - size" : [ 0, 0, 0.5, 0.5, 1, 1 ],
      "velocity profile - texture" : [ 0, 1, 0.5, 0.5, 1, 0 ]
   },
   "head-properties" : {
      "angle" : 0,
      "flow" : 1,
      "rotation" : 1,
      "softness" : 0,
      "spacing" : 0.098490327596664429,
      "structure" : 0,
      "style" : 0,
      "use-trajectory" : false
   },
   "jitter-properties" : {
      "angle" : 0,
      "color-brightness" : 0,
      "color-hue" : 0,
      "color-saturation" : 0,
      "flow" : 0,
      "scatter" : 0.50240415334701538,
      "size" : 0.36833325028419495,
      "texture-position" : 0,
      "texture-scale" : 0
   },
   "parent" : 100,
   "source-properties" : {
      "custom-head" : "",
      "custom-stroke texture" : "",
      "head" : "brush_head_spike",
      "head - color" : false,
      "head - conversion format" : 1,
      "head - profile" : [ 0, 1, 1, 0 ],
      "stroke texture" : "",
      "stroke texture - color" : false,
      "stroke texture - profile" : [ 0, 1, 1, 0 ]
   },
   "stroke-properties" : {
      "adhesion" : 0,
      "blend-opacity" : 1,
      "blend-size" : 40,
      "blendmode" : 0,
      "blendmode-intensity" : 1,
      "erase-opacity" : 1,
      "erase-size" : 40,
      "flow-profile" : [ 0, 0, 0.30000001192092896, 0, 1, 1 ],
      "has-flow-profile" : false,
      "has-size-profile" : false,
      "lazy-stroke" : 0.20499996840953827,
      "paint-opacity" : 1,
      "paint-size" : 64.400634765625,
      "size-maximum" : 0.25115451216697693,
      "size-profile" : [ 0, 1, 0.5, 0, 1, 1 ]
   },
   "texture-properties" : {
      "invert" : false,
      "pressure" : 0.57692313194274902,
      "scale" : 0.5569230318069458,
      "scale-size" : false,
      "softness" : 0,
      "stretch" : 1,
      "structure" : 0,
      "style" : 0
   }
}
