{
   "blend-properties" : {
      "flow" : 1,
      "mix-in" : 0,
      "mix-in dilution" : 0,
      "mix-wet" : false,
      "smudge-amount" : 0.79500001668930054,
      "strength" : 0.20000000298023224
   },
   "display-name" : "HB Pencil",
   "dynamics-properties" : {
      "pressure - effects dilution" : false,
      "pressure - effects flow" : true,
      "pressure - effects head depth" : false,
      "pressure - effects scatter" : false,
      "pressure - effects size" : true,
      "pressure - effects texture" : true,
      "pressure profile - dilution" : [
         0.20000000298023224,
         0,
         0.40000000596046448,
         0.10000000149011612,
         0.60000002384185791,
         0.89999997615814209,
         0.80000001192092896,
         1
      ],
      "pressure profile - flow" : [
         0,
         0.8345070481300354,
         0.37244898080825806,
         0.63204222917556763,
         0.66554051637649536,
         0.20036765933036804,
         1,
         0
      ],
      "pressure profile - head depth" : [ 0, 1, 1, 0 ],
      "pressure profile - scatter" : [ 0, 1, 0.5, 0.89999997615814209, 1, 0.60000002384185791 ],
      "pressure profile - size" : [
         0,
         0.61971831321716309,
         0.375,
         0.46478873491287231,
         0.625,
         0.15492957830429077,
         1,
         0
      ],
      "pressure profile - texture" : [
         0,
         0.54577463865280151,
         0.52806121110916138,
         0.40669012069702148,
         1,
         0.15140844881534576
      ],
      "tilt - effects dilution" : false,
      "tilt - effects flow" : true,
      "tilt - effects head depth" : false,
      "tilt - effects scatter" : false,
      "tilt - effects size" : true,
      "tilt - effects texture" : true,
      "tilt - gradation" : 0.60277777910232544,
      "tilt - offset" : 0.80000001192092896,
      "tilt profile - dilution" : [
         0.20000000298023224,
         1,
         0.40000000596046448,
         0.89999997615814209,
         0.60000002384185791,
         0.10000000149011612,
         0.80000001192092896,
         0
      ],
      "tilt profile - flow" : [
         0,
         0,
         0.35795456171035767,
         0.181640625,
         0.54729729890823364,
         0.75,
         1,
         0.98713237047195435
      ],
      "tilt profile - head depth" : [ 0, 1, 1, 0 ],
      "tilt profile - scatter" : [ 0, 1, 0.66666662693023682, 1, 1, 0.580078125 ],
      "tilt profile - size" : [ 0, 1, 0.52586209774017334, 1, 0.83238637447357178, 0.5703125, 1, 0 ],
      "tilt profile - texture" : [
         0,
         0.60035210847854614,
         0.49744895100593567,
         0.51408451795578003,
         1,
         0.29577463865280151
      ],
      "velocity - effects dilution" : false,
      "velocity - effects flow" : false,
      "velocity - effects head depth" : false,
      "velocity - effects scatter" : false,
      "velocity - effects size" : false,
      "velocity - effects texture" : false,
      "velocity profile - dilution" : [ 0, 0, 1, 1 ],
      "velocity profile - flow" : [ 0, 0, 0.5, 0.5, 1, 1 ],
      "velocity profile - head depth" : [ 0, 1, 1, 0 ],
      "velocity profile - scatter" : [ 0, 0, 0.5, 0.19999998807907104, 1, 0.39999997615814209 ],
      "velocity profile - size" : [ 0, 0, 0.5, 0.5, 1, 1 ],
      "velocity profile - texture" : [ 0, 1, 0.5, 0.5, 1, 0 ]
   },
   "head-properties" : {
      "angle" : 0,
      "depth" : 0,
      "flow" : 0.60166662931442261,
      "rotation" : 0.00018560886383056641,
      "screen-aligned" : false,
      "softness" : 0.60120362043380737,
      "spacing" : 0.15804962813854218,
      "structure" : 0,
      "style" : 0,
      "use-trajectory" : true
   },
   "jitter-properties" : {
      "angle" : 0,
      "color-brightness" : 0,
      "color-hue" : 0,
      "color-saturation" : 0,
      "color-start brightness" : 0,
      "color-start hue" : 0,
      "color-start saturation" : 0,
      "flow" : 0,
      "scatter" : 0,
      "size" : 0,
      "start-angle" : 0,
      "texture-angle" : 0,
      "texture-position" : 0,
      "texture-scale" : 0,
      "texture-start-position" : 0
   },
   "parent" : 100,
   "source-properties" : {
      "custom-head" : "",
      "custom-stroke texture" : "",
      "head" : "brush_head_charcoal_square",
      "head - color" : false,
      "head - colorize" : 1,
      "head - conversion format" : 1,
      "head - profile" : [ 0, 1, 1, 0 ],
      "stroke texture" : "texture_11",
      "stroke texture - color" : false,
      "stroke texture - colorize" : 1,
      "stroke texture - profile" : [ 0.42091837525367737, 0.9834558367729187, 0.68918919563293457, 0 ]
   },
   "stroke-properties" : {
      "adhesion" : 0,
      "blend-opacity" : 1,
      "blend-size" : 40,
      "blendmode" : 0,
      "blendmode-intensity" : 1,
      "erase-opacity" : 1,
      "erase-size" : 40,
      "flow-profile" : [ 0, 0, 0.30000001192092896, 0, 1, 1 ],
      "glaze-strokes" : 0,
      "has-flow-profile" : false,
      "has-size-profile" : false,
      "lazy-stroke" : 0,
      "paint-opacity" : 1,
      "paint-size" : 22.880279541015625,
      "size-maximum" : 0.11987368762493134,
      "size-profile" : [ 0, 1, 0.5, 0, 1, 1 ],
      "wet-edges" : 0
   },
   "texture-properties" : {
      "angle" : 0,
      "invert" : false,
      "pressure" : 0.49523842334747314,
      "scale" : 0.19960825145244598,
      "scale-size" : false,
      "softness" : 0,
      "stretch" : 1,
      "structure" : 0,
      "style" : 0
   }
}
