{
   "bleed-properties" : {
      "bleed-dryout" : 0.5,
      "bleed-glaze" : 1,
      "bleed-mix" : 0.49000000953674316,
      "bleed-rate" : 0.10259614884853363
   },
   "blend-properties" : {
      "dirty-blending" : false,
      "flow" : 0.80000001192092896,
      "mix-in" : 0.20875002443790436,
      "mix-in dilution" : 0,
      "mix-wet" : false,
      "smudge" : 1,
      "strength" : 0.20000000298023224
   },
   "display-name" : "Indian Ink",
   "dynamics-properties" : {
      "pressure - effects dilution" : true,
      "pressure - effects flow" : true,
      "pressure - effects head depth" : true,
      "pressure - effects scatter" : false,
      "pressure - effects size" : true,
      "pressure - effects texture" : true,
      "pressure profile - dilution" : [
         0.20000000298023224,
         0,
         0.40000000596046448,
         0.10000000149011612,
         0.60000002384185791,
         0.89999997615814209,
         0.80000001192092896,
         1
      ],
      "pressure profile - flow" : [ 0, 1, 0.4054054319858551, 0.2734375, 1, 0 ],
      "pressure profile - head depth" : [ 0, 0, 1, 1 ],
      "pressure profile - scatter" : [ 0, 1, 0.5, 0.89999997615814209, 1, 0.60000002384185791 ],
      "pressure profile - size" : [ 0, 0.51171875, 0.49493244290351868, 0.1953125, 1, 0 ],
      "pressure profile - texture" : [ 0, 1, 0.49324324727058411, 0.302734375, 1, 0 ],
      "tilt - effects dilution" : false,
      "tilt - effects flow" : false,
      "tilt - effects head depth" : false,
      "tilt - effects scatter" : false,
      "tilt - effects size" : false,
      "tilt - effects texture" : true,
      "tilt - gradation" : 0.80000001192092896,
      "tilt - offset" : 1,
      "tilt profile - dilution" : [
         0.20000000298023224,
         1,
         0.40000000596046448,
         0.89999997615814209,
         0.60000002384185791,
         0.10000000149011612,
         0.80000001192092896,
         0
      ],
      "tilt profile - flow" : [ 0, 0, 0.5, 0, 1, 0.75 ],
      "tilt profile - head depth" : [ 0, 1, 1, 0 ],
      "tilt profile - scatter" : [ 0, 1, 0.5, 1, 1, 0.39999997615814209 ],
      "tilt profile - size" : [ 0, 1, 0.5, 1, 1, 0.75 ],
      "tilt profile - texture" : [ 0, 0, 0.5, 0.19999998807907104, 1, 0.80078125 ],
      "velocity - effects dilution" : false,
      "velocity - effects flow" : true,
      "velocity - effects head depth" : false,
      "velocity - effects scatter" : false,
      "velocity - effects size" : true,
      "velocity - effects texture" : true,
      "velocity profile - dilution" : [ 0, 0, 1, 1 ],
      "velocity profile - flow" : [ 0, 0, 0.5282738208770752, 0.255952388048172, 1, 0.34294185042381287 ],
      "velocity profile - head depth" : [ 0, 1, 1, 0 ],
      "velocity profile - scatter" : [ 0, 0, 0.5, 0.10000002384185791, 1, 0.39999997615814209 ],
      "velocity profile - size" : [ 0, 0, 0.39189189672470093, 0.341796875, 1, 0.6796875 ],
      "velocity profile - texture" : [
         0,
         0,
         0.36486488580703735,
         0.521484375,
         0.97297292947769165,
         0.80078125
      ]
   },
   "head-properties" : {
      "angle" : 0,
      "depth" : 0.80268514156341553,
      "flow" : 1,
      "rotation" : 1,
      "softness" : 0,
      "spacing" : 0.036038000136613846,
      "structure" : 0,
      "style" : 0,
      "use-trajectory" : false
   },
   "jitter-properties" : {
      "angle" : 0,
      "color-brightness" : 0,
      "color-hue" : 0,
      "color-saturation" : 0,
      "color-start brightness" : 0,
      "color-start hue" : 0,
      "color-start saturation" : 0,
      "flow" : 0,
      "scatter" : 0,
      "size" : 0,
      "start-angle" : 0,
      "texture-angle" : 0,
      "texture-position" : 0,
      "texture-scale" : 0,
      "texture-start-position" : 0
   },
   "parent" : 205,
   "source-properties" : {
      "custom-head" : "",
      "custom-stroke texture" : "",
      "head" : "head_bristle",
      "head - color" : false,
      "head - colorize" : 1,
      "head - conversion format" : 0,
      "head - profile" : [ 0, 1, 1, 0 ],
      "stroke texture" : "texture_15",
      "stroke texture - color" : false,
      "stroke texture - colorize" : 1,
      "stroke texture - profile" : [ 0, 1, 1, 0 ]
   },
   "stroke-properties" : {
      "adhesion" : 0,
      "blend-opacity" : 1,
      "blend-size" : 40,
      "blendmode" : 0,
      "blendmode-intensity" : 1,
      "erase-opacity" : 1,
      "erase-size" : 40,
      "flow-profile" : [ 0, 0, 0.30000001192092896, 0, 1, 1 ],
      "has-flow-profile" : false,
      "has-size-profile" : false,
      "lazy-stroke" : 0,
      "paint-opacity" : 1,
      "paint-size" : 29,
      "size-maximum" : 3,
      "size-profile" : [ 0, 1, 0.5, 0, 1, 1 ]
   },
   "texture-properties" : {
      "angle" : 0,
      "invert" : false,
      "pressure" : 0.40999996662139893,
      "scale" : 1,
      "scale-size" : false,
      "softness" : 0,
      "stretch" : 1,
      "structure" : 0,
      "style" : 1
   }
}
