{
   "blend-properties" : {
      "dirty-blending" : false,
      "flow" : 0.5,
      "mix-in" : 0,
      "mix-in dilution" : 0,
      "mix-wet" : false,
      "smudge" : 0.5,
      "strength" : 0.5
   },
   "display-name" : "Old Inker",
   "dynamics-properties" : {
      "pressure - effects dilution" : true,
      "pressure - effects flow" : true,
      "pressure - effects head depth" : false,
      "pressure - effects scatter" : true,
      "pressure - effects size" : true,
      "pressure - effects texture" : true,
      "pressure profile - dilution" : [
         0.20000000298023224,
         0,
         0.40000000596046448,
         0.10000000149011612,
         0.60000002384185791,
         0.89999997615814209,
         0.80000001192092896,
         1
      ],
      "pressure profile - flow" : [ 0, 1, 0.14030611515045166, 0.20422534644603729, 1, 0 ],
      "pressure profile - head depth" : [ 0, 1, 1, 0 ],
      "pressure profile - scatter" : [
         0.0050675682723522186,
         0.85211265087127686,
         0.34121623635292053,
         0.89260560274124146,
         0.59459459781646729,
         0.95772057771682739,
         1,
         1
      ],
      "pressure profile - size" : [
         0,
         1,
         0.32397958636283875,
         0.70246481895446777,
         0.68581080436706543,
         0.0703125,
         1,
         0
      ],
      "pressure profile - texture" : [
         0,
         0.82922536134719849,
         0.39864864945411682,
         0.63051474094390869,
         0.62668919563293457,
         0.15441176295280457,
         1,
         0
      ],
      "tilt - effects dilution" : false,
      "tilt - effects flow" : false,
      "tilt - effects head depth" : false,
      "tilt - effects scatter" : false,
      "tilt - effects size" : false,
      "tilt - effects texture" : true,
      "tilt - gradation" : 0.80000001192092896,
      "tilt - offset" : 0.80000001192092896,
      "tilt profile - dilution" : [
         0.20000000298023224,
         1,
         0.40000000596046448,
         0.89999997615814209,
         0.60000002384185791,
         0.10000000149011612,
         0.80000001192092896,
         0
      ],
      "tilt profile - flow" : [ 0, 0, 0.5, 0, 1, 0.75 ],
      "tilt profile - head depth" : [ 0, 1, 1, 0 ],
      "tilt profile - scatter" : [ 0, 1, 0.5, 1, 1, 0.39999997615814209 ],
      "tilt profile - size" : [ 0, 1, 0.5, 1, 1, 0.6484375 ],
      "tilt profile - texture" : [
         0.074324324727058411,
         0,
         0.51182430982589722,
         0.15808823704719543,
         1,
         0.85294115543365479
      ],
      "velocity - effects dilution" : false,
      "velocity - effects flow" : false,
      "velocity - effects head depth" : false,
      "velocity - effects scatter" : false,
      "velocity - effects size" : false,
      "velocity - effects texture" : false,
      "velocity profile - dilution" : [ 0, 0, 1, 1 ],
      "velocity profile - flow" : [ 0, 0, 0.5, 0.5, 1, 1 ],
      "velocity profile - head depth" : [ 0, 1, 1, 0 ],
      "velocity profile - scatter" : [ 0, 0, 0.5, 0.19999998807907104, 1, 0.39999997615814209 ],
      "velocity profile - size" : [ 0, 0, 0.51351350545883179, 0.212890625, 1, 0.701171875 ],
      "velocity profile - texture" : [ 0, 1, 0.5, 0.5, 1, 0 ]
   },
   "head-properties" : {
      "angle" : 0,
      "depth" : 0,
      "flow" : 1,
      "rotation" : 0,
      "softness" : 0,
      "spacing" : 0.10389019548892975,
      "structure" : 0,
      "style" : 1,
      "use-trajectory" : true
   },
   "jitter-properties" : {
      "angle" : 1,
      "color-brightness" : 0,
      "color-hue" : 0,
      "color-saturation" : 0,
      "color-start brightness" : 0,
      "color-start hue" : 0,
      "color-start saturation" : 0,
      "flow" : 0,
      "scatter" : 0,
      "size" : 0,
      "start-angle" : 0,
      "texture-angle" : 0,
      "texture-position" : 0,
      "texture-scale" : 0,
      "texture-start-position" : 0
   },
   "parent" : 310,
   "source-properties" : {
      "custom-head" : "",
      "custom-stroke texture" : "",
      "head" : "",
      "head - color" : false,
      "head - colorize" : 1,
      "head - conversion format" : 1,
      "head - profile" : [ 0, 1, 1, 0 ],
      "stroke texture" : "texture_9",
      "stroke texture - color" : false,
      "stroke texture - colorize" : 1,
      "stroke texture - profile" : [ 0, 0.98415488004684448, 1, 0 ]
   },
   "stroke-properties" : {
      "adhesion" : 0,
      "blend-opacity" : 1,
      "blend-size" : 40,
      "blendmode" : 0,
      "blendmode-intensity" : 1,
      "erase-opacity" : 1,
      "erase-size" : 16.25,
      "flow-profile" : [
         0.011824321001768112,
         1,
         0.011824321001768112,
         0,
         0.98817569017410278,
         0,
         0.98817569017410278,
         1
      ],
      "has-flow-profile" : false,
      "has-size-profile" : false,
      "lazy-stroke" : 0.10333331674337387,
      "paint-opacity" : 1,
      "paint-size" : 59.361587524414062,
      "size-maximum" : 0.24692286550998688,
      "size-profile" : [
         0,
         0.671875,
         0.14527027308940887,
         0,
         0.83445942401885986,
         0,
         1,
         0.6796875
      ]
   },
   "texture-properties" : {
      "angle" : 1.5812671184539795,
      "invert" : false,
      "pressure" : 0.29990869760513306,
      "scale" : 0.94813752174377441,
      "scale-size" : false,
      "softness" : 0,
      "stretch" : 1,
      "structure" : 0,
      "style" : 2
   }
}
