{
   "blend-properties" : {
      "dirty-blending" : false,
      "flow" : 1,
      "mix-in" : 0.10999996960163116,
      "mix-in dilution" : 0,
      "mix-wet" : false,
      "smudge" : 0.60000002384185791,
      "strength" : 0.20000000298023224
   },
   "display-name" : "Old Oil",
   "dynamics-properties" : {
      "pressure - effects flow" : false,
      "pressure - effects scatter" : false,
      "pressure - effects size" : true,
      "pressure - effects texture" : true,
      "pressure profile - flow" : [ 0, 1, 0.33000001311302185, 0.3399999737739563, 1, 0 ],
      "pressure profile - scatter" : [ 0, 1, 0.5, 0.89999997615814209, 1, 0.60000002384185791 ],
      "pressure profile - size" : [
         0,
         0.779296875,
         0.33277028799057007,
         0.60546875,
         0.65709459781646729,
         0,
         1,
         0
      ],
      "pressure profile - texture" : [ 0, 0.498046875, 0.64020270109176636, 0.3359375, 1, 0 ],
      "tilt - effects flow" : false,
      "tilt - effects scatter" : false,
      "tilt - effects size" : true,
      "tilt - effects texture" : true,
      "tilt - offset" : 0.80000001192092896,
      "tilt profile - flow" : [ 0, 0, 0.5, 0, 1, 0.75 ],
      "tilt profile - scatter" : [ 0, 1, 0.5, 1, 1, 0.39999997615814209 ],
      "tilt profile - size" : [ 0, 1, 0.5, 1, 1, 0 ],
      "tilt profile - texture" : [ 0, 0, 0.5, 0.19999998807907104, 1, 0.60000002384185791 ],
      "velocity - effects flow" : false,
      "velocity - effects scatter" : false,
      "velocity - effects size" : false,
      "velocity - effects texture" : true,
      "velocity profile - flow" : [ 0, 0, 0.5, 0.5, 1, 1 ],
      "velocity profile - scatter" : [ 0, 0, 0.5, 0.19999998807907104, 1, 0.39999997615814209 ],
      "velocity profile - size" : [ 0, 0, 0.5, 0.5, 1, 1 ],
      "velocity profile - texture" : [ 0, 0, 0.33445948362350464, 0.671875, 1, 0.90625 ]
   },
   "head-properties" : {
      "angle" : 0,
      "flow" : 1,
      "rotation" : 0.003269195556640625,
      "softness" : 0,
      "spacing" : 0.024949999526143074,
      "structure" : 0,
      "style" : 0,
      "use-trajectory" : true
   },
   "jitter-properties" : {
      "angle" : 0,
      "color-brightness" : 0,
      "color-hue" : 0,
      "color-saturation" : 0,
      "flow" : 0,
      "scatter" : 0,
      "size" : 0,
      "texture-position" : 0,
      "texture-scale" : 0
   },
   "parent" : 2,
   "source-properties" : {
      "custom-head" : "",
      "custom-stroke texture" : "",
      "head" : "brush_head_large_chunks",
      "head - color" : false,
      "head - conversion format" : 1,
      "head - profile" : [ 0, 1, 1, 0 ],
      "stroke texture" : "brush_texture_rope",
      "stroke texture - color" : false,
      "stroke texture - profile" : [
         0,
         0.90625,
         0.63344591856002808,
         0.826171875,
         0.63344591856002808,
         0.1796875,
         1,
         0
      ]
   },
   "stroke-properties" : {
      "adhesion" : 0,
      "blend-opacity" : 1,
      "blend-size" : 40,
      "blendmode" : 0,
      "blendmode-intensity" : 1,
      "erase-opacity" : 1,
      "erase-size" : 40,
      "flow-profile" : [ 0, 0, 0.30000001192092896, 0, 1, 1 ],
      "has-flow-profile" : false,
      "has-size-profile" : false,
      "lazy-stroke" : 0,
      "paint-opacity" : 1,
      "paint-size" : 49.867027282714844,
      "size-maximum" : 0.99999994039535522,
      "size-profile" : [ 0, 1, 0.5, 0, 1, 1 ]
   },
   "texture-properties" : {
      "invert" : false,
      "pressure" : 0.40769219398498535,
      "scale" : 0.37942343950271606,
      "scale-size" : false,
      "softness" : 0,
      "stretch" : 23.954616546630859,
      "structure" : 0.10230759531259537,
      "style" : 2
   }
}
