{
   "blend-properties" : {
      "dirty-blending" : false,
      "flow" : 1,
      "mix-in" : 0,
      "mix-in dilution" : 0,
      "mix-wet" : false,
      "smudge" : 0.60000002384185791,
      "strength" : 0.20000000298023224
   },
   "display-name" : "Oval Lettering",
   "dynamics-properties" : {
      "pressure - effects flow" : false,
      "pressure - effects scatter" : false,
      "pressure - effects size" : true,
      "pressure - effects texture" : true,
      "pressure profile - flow" : [
         0,
         0.98828125,
         0.16071426868438721,
         0.841796875,
         0.36479592323303223,
         0.298828125,
         0.58673465251922607,
         0
      ],
      "pressure profile - scatter" : [ 0, 1, 0.5, 0.89999997615814209, 1, 0.60000002384185791 ],
      "pressure profile - size" : [
         0,
         1,
         0.25765305757522583,
         0.78515625,
         0.5586734414100647,
         0.27734375,
         1,
         0
      ],
      "pressure profile - texture" : [
         0,
         1,
         0.31887754797935486,
         0.861328125,
         0.58673465251922607,
         0.2421875,
         1,
         0
      ],
      "tilt - effects flow" : false,
      "tilt - effects scatter" : false,
      "tilt - effects size" : false,
      "tilt - effects texture" : false,
      "tilt - offset" : 0.80000001192092896,
      "tilt profile - flow" : [
         0,
         0,
         0.33928570151329041,
         0.107421875,
         0.62499994039535522,
         0.759765625,
         1,
         0.970703125
      ],
      "tilt profile - scatter" : [ 0, 1, 0.5, 1, 1, 0.39999997615814209 ],
      "tilt profile - size" : [ 0, 1, 0.5, 1, 1, 0 ],
      "tilt profile - texture" : [ 0, 0, 0.56377547979354858, 0.123046875, 1, 0.416015625 ],
      "velocity - effects flow" : false,
      "velocity - effects scatter" : false,
      "velocity - effects size" : false,
      "velocity - effects texture" : false,
      "velocity profile - flow" : [ 0, 0, 0.5, 0.5, 1, 1 ],
      "velocity profile - scatter" : [ 0, 0, 0.5, 0.19999998807907104, 1, 0.39999997615814209 ],
      "velocity profile - size" : [ 0, 0, 0.5, 0.5, 1, 1 ],
      "velocity profile - texture" : [ 0, 0, 0.45663264393806458, 0.75390625, 1, 1 ]
   },
   "head-properties" : {
      "angle" : 1.4748045206069946,
      "flow" : 1,
      "rotation" : 0,
      "softness" : 0,
      "spacing" : 0.061717253178358078,
      "structure" : 0,
      "style" : 1,
      "use-trajectory" : false
   },
   "jitter-properties" : {
      "angle" : 0,
      "color-brightness" : 0,
      "color-hue" : 0,
      "color-saturation" : 0,
      "flow" : 0,
      "scatter" : 0,
      "size" : 0,
      "texture-position" : 0,
      "texture-scale" : 0
   },
   "parent" : 311,
   "source-properties" : {
      "custom-head" : "",
      "custom-stroke texture" : "",
      "head" : "brush_head_oval.png",
      "head - color" : false,
      "head - conversion format" : 1,
      "head - profile" : [ 0, 1, 1, 0 ],
      "stroke texture" : "",
      "stroke texture - color" : false,
      "stroke texture - profile" : [
         0,
         1,
         0.1785714328289032,
         0.591796875,
         0.67602038383483887,
         0.3671875,
         1,
         0.162109375
      ]
   },
   "stroke-properties" : {
      "adhesion" : 0,
      "blend-opacity" : 1,
      "blend-size" : 40,
      "blendmode" : 0,
      "blendmode-intensity" : 1,
      "erase-opacity" : 1,
      "erase-size" : 80,
      "flow-profile" : [ 0, 0, 0.30000001192092896, 0, 1, 1 ],
      "has-flow-profile" : false,
      "has-size-profile" : false,
      "lazy-stroke" : 0.60696643590927124,
      "paint-opacity" : 1,
      "paint-size" : 100,
      "size-maximum" : 0.43559980392456055,
      "size-profile" : [
         0,
         1,
         0.10969387739896774,
         0.333984375,
         0.5,
         0,
         0.89540809392929077,
         0.337890625,
         1,
         1
      ]
   },
   "texture-properties" : {
      "invert" : false,
      "pressure" : 0.20833241939544678,
      "scale" : 0.24737299978733063,
      "scale-size" : false,
      "softness" : 0,
      "stretch" : 1,
      "structure" : 0,
      "style" : 2
   }
}
