{
   "blend-properties" : {
      "dirty-blending" : false,
      "flow" : 1,
      "mix-in" : 0,
      "mix-in dilution" : 0,
      "mix-wet" : false,
      "smudge" : 1,
      "strength" : 1
   },
   "display-name" : "Paint Stroke",
   "dynamics-properties" : {
      "pressure - effects dilution" : true,
      "pressure - effects flow" : false,
      "pressure - effects head depth" : false,
      "pressure - effects scatter" : false,
      "pressure - effects size" : true,
      "pressure - effects texture" : true,
      "pressure profile - dilution" : [
         0.20000000298023224,
         0,
         0.40000000596046448,
         0.10000000149011612,
         0.60000002384185791,
         0.89999997615814209,
         0.80000001192092896,
         1
      ],
      "pressure profile - flow" : [ 0, 1, 0.33000001311302185, 0.3399999737739563, 1, 0 ],
      "pressure profile - head depth" : [ 0, 1, 1, 0 ],
      "pressure profile - scatter" : [ 0, 1, 0.5, 0.89999997615814209, 1, 0.60000002384185791 ],
      "pressure profile - size" : [ 0, 1, 0.375, 0.75, 0.625, 0.25, 1, 0 ],
      "pressure profile - texture" : [
         0,
         0.97977942228317261,
         0.31887754797935486,
         0.34007352590560913,
         1,
         0
      ],
      "tilt - effects dilution" : false,
      "tilt - effects flow" : false,
      "tilt - effects head depth" : false,
      "tilt - effects scatter" : false,
      "tilt - effects size" : true,
      "tilt - effects texture" : true,
      "tilt - gradation" : 0.60953724384307861,
      "tilt - offset" : 0.80000001192092896,
      "tilt profile - dilution" : [
         0.20000000298023224,
         1,
         0.40000000596046448,
         0.89999997615814209,
         0.60000002384185791,
         0.10000000149011612,
         0.80000001192092896,
         0
      ],
      "tilt profile - flow" : [ 0, 0, 0.5, 0, 1, 0.75 ],
      "tilt profile - head depth" : [ 0, 1, 1, 0 ],
      "tilt profile - scatter" : [ 0, 1, 0.5, 1, 1, 0.39999997615814209 ],
      "tilt profile - size" : [
         0,
         1,
         0.61989790201187134,
         0.95772057771682739,
         1,
         0.61764705181121826
      ],
      "tilt profile - texture" : [ 0, 0, 0.5, 0.19999998807907104, 1, 0.60000002384185791 ],
      "velocity - effects dilution" : false,
      "velocity - effects flow" : false,
      "velocity - effects head depth" : false,
      "velocity - effects scatter" : false,
      "velocity - effects size" : false,
      "velocity - effects texture" : false,
      "velocity profile - dilution" : [ 0, 0, 1, 1 ],
      "velocity profile - flow" : [ 0, 0, 0.5, 0.5, 1, 1 ],
      "velocity profile - head depth" : [ 0, 1, 1, 0 ],
      "velocity profile - scatter" : [ 0, 0, 0.5, 0.19999998807907104, 1, 0.39999997615814209 ],
      "velocity profile - size" : [ 0, 0, 0.5, 0.5, 1, 1 ],
      "velocity profile - texture" : [ 0, 1, 0.5, 0.5, 1, 0 ]
   },
   "head-properties" : {
      "angle" : 0,
      "depth" : 0,
      "flow" : 0.63983041048049927,
      "rotation" : 1,
      "softness" : 0.0039215688593685627,
      "spacing" : 0.05000000074505806,
      "structure" : 0,
      "style" : 0,
      "use-trajectory" : false
   },
   "jitter-properties" : {
      "angle" : 0.34810137748718262,
      "color-brightness" : 0,
      "color-hue" : 0,
      "color-saturation" : 0,
      "color-start brightness" : 0,
      "color-start hue" : 0,
      "color-start saturation" : 0,
      "flow" : 0,
      "scatter" : 0,
      "size" : 0,
      "start-angle" : 0,
      "texture-angle" : 0,
      "texture-position" : 0,
      "texture-scale" : 0,
      "texture-start-position" : 0
   },
   "parent" : 2,
   "source-properties" : {
      "custom-head" : "",
      "custom-stroke texture" : "",
      "head" : "brush_head_ink_wash",
      "head - color" : false,
      "head - colorize" : 1,
      "head - conversion format" : 1,
      "head - profile" : [ 0, 1, 1, 0 ],
      "stroke texture" : "brush_texture_rough_rock",
      "stroke texture - color" : false,
      "stroke texture - colorize" : 1,
      "stroke texture - profile" : [ 0, 1, 0.66847831010818481, 0.677734375, 1, 0 ]
   },
   "stroke-properties" : {
      "adhesion" : 0.56012636423110962,
      "blend-opacity" : 1,
      "blend-size" : 40,
      "blendmode" : 0,
      "blendmode-intensity" : 1,
      "erase-opacity" : 1,
      "erase-size" : 40,
      "flow-profile" : [ 0, 0, 0.30000001192092896, 0, 1, 1 ],
      "has-flow-profile" : false,
      "has-size-profile" : false,
      "lazy-stroke" : 0.30434483289718628,
      "paint-opacity" : 1,
      "paint-size" : 100,
      "size-maximum" : 1.0048633813858032,
      "size-profile" : [
         0,
         0.373046875,
         0.13928571343421936,
         0.00390625,
         0.45714288949966431,
         0.005859375,
         0.6875,
         0.294921875,
         1,
         1
      ]
   },
   "texture-properties" : {
      "angle" : 0,
      "invert" : false,
      "pressure" : 0.39957690238952637,
      "scale" : 0.53813564777374268,
      "scale-size" : false,
      "softness" : 0.50925886631011963,
      "stretch" : 21.695697784423828,
      "structure" : 0.20000000298023224,
      "style" : 2
   }
}
