{
   "blend-properties" : {
      "dirty-blending" : false,
      "flow" : 1,
      "mix-in" : 0,
      "mix-in dilution" : 0,
      "mix-wet" : false,
      "smudge" : 1,
      "strength" : 0.20000000298023224
   },
   "display-name" : "Schoolhouse Chalk",
   "dynamics-properties" : {
      "pressure - effects flow" : false,
      "pressure - effects scatter" : false,
      "pressure - effects size" : true,
      "pressure - effects texture" : true,
      "pressure profile - flow" : [
         0,
         1,
         0.32939189672470093,
         0.669921875,
         0.66554051637649536,
         0.154296875,
         1,
         0
      ],
      "pressure profile - scatter" : [ 0, 1, 0.5, 0.89999997615814209, 1, 0.60000002384185791 ],
      "pressure profile - size" : [
         0,
         0.474609375,
         0.34121623635292053,
         0.357421875,
         0.66554051637649536,
         0.12890625,
         1,
         0
      ],
      "pressure profile - texture" : [
         0,
         0.66015625,
         0.33277028799057007,
         0.541015625,
         0.67567569017410278,
         0.201171875,
         1,
         0
      ],
      "tilt - effects flow" : false,
      "tilt - effects scatter" : true,
      "tilt - effects size" : true,
      "tilt - effects texture" : true,
      "tilt - offset" : 1,
      "tilt profile - flow" : [ 0, 0, 0.5, 0, 1, 0.75 ],
      "tilt profile - scatter" : [ 0, 1, 0.5, 1, 1, 0.39999997615814209 ],
      "tilt profile - size" : [ 0, 1, 0.5, 1, 1, 0.32421875 ],
      "tilt profile - texture" : [
         0,
         0,
         0.32601353526115417,
         0.181640625,
         0.64695942401885986,
         0.455078125,
         0.99831086397171021,
         0.521484375
      ],
      "velocity - effects flow" : false,
      "velocity - effects scatter" : false,
      "velocity - effects size" : false,
      "velocity - effects texture" : true,
      "velocity profile - flow" : [ 0, 0, 0.5, 0.5, 1, 1 ],
      "velocity profile - scatter" : [ 0, 0, 0.5, 0.19999998807907104, 1, 0.39999997615814209 ],
      "velocity profile - size" : [ 0, 0, 0.5, 0.5, 1, 1 ],
      "velocity profile - texture" : [ 0, 0, 0.36824324727058411, 0.2578125, 1, 0.345703125 ]
   },
   "head-properties" : {
      "angle" : 0,
      "flow" : 1,
      "rotation" : 0,
      "softness" : 0.20307691395282745,
      "spacing" : 0.041043154895305634,
      "structure" : 0,
      "style" : 0,
      "use-trajectory" : true
   },
   "jitter-properties" : {
      "angle" : 0,
      "color-brightness" : 0,
      "color-hue" : 0,
      "color-saturation" : 0,
      "flow" : 0,
      "scatter" : 0,
      "size" : 0,
      "texture-position" : 0,
      "texture-scale" : 1
   },
   "parent" : 5,
   "source-properties" : {
      "custom-head" : "",
      "custom-stroke texture" : "",
      "head" : "",
      "head - color" : false,
      "head - conversion format" : 1,
      "head - profile" : [ 0, 1, 1, 0 ],
      "stroke texture" : "brush_texture_rough_rock",
      "stroke texture - color" : false,
      "stroke texture - profile" : [ 0.14695946872234344, 1, 1, 0 ]
   },
   "stroke-properties" : {
      "adhesion" : 0,
      "blend-opacity" : 1,
      "blend-size" : 26.750001907348633,
      "blendmode" : 0,
      "blendmode-intensity" : 1,
      "erase-opacity" : 1,
      "erase-size" : 40,
      "flow-profile" : [ 0, 0, 0.30000001192092896, 0, 1, 1 ],
      "has-flow-profile" : false,
      "has-size-profile" : false,
      "lazy-stroke" : 0,
      "paint-opacity" : 1,
      "paint-size" : 21.125001907348633,
      "size-maximum" : 0.39999976754188538,
      "size-profile" : [ 0, 1, 0.5, 0, 1, 1 ]
   },
   "texture-properties" : {
      "invert" : false,
      "pressure" : 0.3068271279335022,
      "scale" : 0.6390388011932373,
      "scale-size" : false,
      "softness" : 0,
      "stretch" : 1,
      "structure" : 0,
      "style" : 0
   }
}
