{
   "blend-properties" : {
      "flow" : 1,
      "mix-in" : 0,
      "mix-in dilution" : 0,
      "mix-wet" : false,
      "smudge-amount" : 0.80000001192092896,
      "strength" : 0.20000000298023224
   },
   "display-name" : "Shadow Script",
   "dynamics-properties" : {
      "pressure - effects dilution" : true,
      "pressure - effects flow" : false,
      "pressure - effects head depth" : true,
      "pressure - effects scatter" : false,
      "pressure - effects size" : true,
      "pressure - effects texture" : true,
      "pressure profile - dilution" : [
         0.20000000298023224,
         0,
         0.40000000596046448,
         0.10000000149011612,
         0.60000002384185791,
         0.89999997615814209,
         0.80000001192092896,
         1
      ],
      "pressure profile - flow" : [
         0,
         0.98828125,
         0.16071426868438721,
         0.841796875,
         0.36479592323303223,
         0.298828125,
         0.58673465251922607,
         0
      ],
      "pressure profile - head depth" : [
         0.18367347121238708,
         0,
         0.49489793181419373,
         0.31514084339141846,
         0.79846936464309692,
         0.78521126508712769,
         1,
         1
      ],
      "pressure profile - scatter" : [ 0, 1, 0.5, 0.89999997615814209, 1, 0.60000002384185791 ],
      "pressure profile - size" : [
         0,
         1,
         0.31756758689880371,
         0.38204222917556763,
         0.6836734414100647,
         0.12676055729389191,
         1,
         0
      ],
      "pressure profile - texture" : [
         0,
         1,
         0.31887754797935486,
         0.861328125,
         0.58673465251922607,
         0.2421875,
         1,
         0
      ],
      "tilt - effects dilution" : false,
      "tilt - effects flow" : false,
      "tilt - effects head depth" : false,
      "tilt - effects scatter" : false,
      "tilt - effects size" : false,
      "tilt - effects texture" : false,
      "tilt - gradation" : 0.80000001192092896,
      "tilt - offset" : 0.80000001192092896,
      "tilt profile - dilution" : [
         0.20000000298023224,
         1,
         0.40000000596046448,
         0.89999997615814209,
         0.60000002384185791,
         0.10000000149011612,
         0.80000001192092896,
         0
      ],
      "tilt profile - flow" : [
         0,
         0,
         0.33928570151329041,
         0.107421875,
         0.62499994039535522,
         0.759765625,
         1,
         0.970703125
      ],
      "tilt profile - head depth" : [ 0, 1, 1, 0 ],
      "tilt profile - scatter" : [ 0, 1, 0.5, 1, 1, 0.39999997615814209 ],
      "tilt profile - size" : [ 0, 1, 0.5, 1, 1, 0 ],
      "tilt profile - texture" : [ 0, 0, 0.56377547979354858, 0.123046875, 1, 0.416015625 ],
      "velocity - effects dilution" : false,
      "velocity - effects flow" : false,
      "velocity - effects head depth" : false,
      "velocity - effects scatter" : false,
      "velocity - effects size" : false,
      "velocity - effects texture" : false,
      "velocity profile - dilution" : [ 0, 0, 1, 1 ],
      "velocity profile - flow" : [ 0, 0, 0.5, 0.5, 1, 1 ],
      "velocity profile - head depth" : [ 0, 1, 1, 0 ],
      "velocity profile - scatter" : [ 0, 0, 0.5, 0.19999998807907104, 1, 0.39999997615814209 ],
      "velocity profile - size" : [ 0, 0, 0.5, 0.5, 1, 1 ],
      "velocity profile - texture" : [ 0, 0, 0.45663264393806458, 0.75390625, 1, 1 ]
   },
   "head-properties" : {
      "angle" : 4.7007608413696289,
      "depth" : 0.40462979674339294,
      "flow" : 1,
      "rotation" : 0.00092625617980957031,
      "screen-aligned" : false,
      "softness" : 0,
      "spacing" : 0.03134150430560112,
      "structure" : 0,
      "style" : 1,
      "use-trajectory" : true
   },
   "jitter-properties" : {
      "angle" : 0,
      "color-brightness" : 0,
      "color-hue" : 0,
      "color-saturation" : 0,
      "color-start brightness" : 0,
      "color-start hue" : 0,
      "color-start saturation" : 0,
      "flow" : 0,
      "scatter" : 0,
      "size" : 0,
      "start-angle" : 0,
      "texture-angle" : 0,
      "texture-position" : 0,
      "texture-scale" : 0,
      "texture-start-position" : 0
   },
   "parent" : 311,
   "source-properties" : {
      "custom-head" : "",
      "custom-stroke texture" : "",
      "head" : "brush_head_shadow_script",
      "head - color" : true,
      "head - colorize" : 0.70046281814575195,
      "head - conversion format" : 0,
      "head - profile" : [ 0, 1, 1, 0 ],
      "stroke texture" : "",
      "stroke texture - color" : false,
      "stroke texture - colorize" : 1,
      "stroke texture - profile" : [
         0,
         1,
         0.1785714328289032,
         0.591796875,
         0.67602038383483887,
         0.3671875,
         1,
         0.162109375
      ]
   },
   "stroke-properties" : {
      "adhesion" : 0,
      "blend-opacity" : 1,
      "blend-size" : 40,
      "blendmode" : 0,
      "blendmode-intensity" : 1,
      "erase-opacity" : 1,
      "erase-size" : 80,
      "flow-profile" : [ 0, 0, 0.30000001192092896, 0, 1, 1 ],
      "glaze-strokes" : 0,
      "has-flow-profile" : false,
      "has-size-profile" : false,
      "lazy-stroke" : 0.50900352001190186,
      "paint-opacity" : 1,
      "paint-size" : 55.130619049072266,
      "size-maximum" : 1.5001683235168457,
      "size-profile" : [
         0,
         1,
         0.10969387739896774,
         0.333984375,
         0.5,
         0,
         0.89540809392929077,
         0.337890625,
         1,
         1
      ]
   },
   "texture-properties" : {
      "angle" : 0,
      "invert" : false,
      "pressure" : 0.20833241939544678,
      "scale" : 0.24737299978733063,
      "scale-size" : false,
      "softness" : 0,
      "stretch" : 1,
      "structure" : 0,
      "style" : 2
   }
}
