{
   "blend-properties" : {
      "dirty-blending" : false,
      "flow" : 1,
      "mix-in" : 0,
      "mix-in dilution" : 0,
      "mix-wet" : false,
      "smudge" : 0,
      "strength" : 0.20000000298023224
   },
   "display-name" : "Soft Airbrush",
   "dynamics-properties" : {
      "pressure - effects flow" : true,
      "pressure - effects scatter" : false,
      "pressure - effects size" : false,
      "pressure - effects texture" : true,
      "pressure profile - flow" : [
         0,
         1,
         0.40033784508705139,
         0.681640625,
         0.62331080436706543,
         0.06640625,
         1,
         0
      ],
      "pressure profile - scatter" : [ 0, 1, 0.5, 0.89999997615814209, 1, 0.60000002384185791 ],
      "pressure profile - size" : [ 0, 1, 0.33000001311302185, 0.3399999737739563, 1, 0 ],
      "pressure profile - texture" : [ 0, 0.5, 0.5, 0.30000001192092896, 1, 0 ],
      "tilt - effects flow" : true,
      "tilt - effects scatter" : false,
      "tilt - effects size" : true,
      "tilt - effects texture" : true,
      "tilt - offset" : -0.80326920747756958,
      "tilt profile - flow" : [ 0, 0, 0.5, 0, 1, 0.75 ],
      "tilt profile - scatter" : [ 0, 1, 0.5, 1, 1, 0.39999997615814209 ],
      "tilt profile - size" : [ 0, 1, 0.5, 1, 1, 0 ],
      "tilt profile - texture" : [ 0, 0, 0.5, 0.19999998807907104, 1, 0.60000002384185791 ],
      "velocity - effects flow" : false,
      "velocity - effects scatter" : false,
      "velocity - effects size" : false,
      "velocity - effects texture" : true,
      "velocity profile - flow" : [ 0, 0, 0.5, 0.5, 1, 1 ],
      "velocity profile - scatter" : [ 0, 0, 0.5, 0.19999998807907104, 1, 0.39999997615814209 ],
      "velocity profile - size" : [ 0, 0, 0.5, 0.5, 1, 1 ],
      "velocity profile - texture" : [
         0,
         0,
         0.35979729890823364,
         0.173828125,
         0.59966212511062622,
         0.75390625,
         1,
         1
      ]
   },
   "head-properties" : {
      "angle" : 0,
      "flow" : 0.50990402698516846,
      "rotation" : 0.0098071098327636719,
      "softness" : 1,
      "spacing" : 0.10026949644088745,
      "structure" : 0,
      "style" : 0,
      "use-trajectory" : false
   },
   "jitter-properties" : {
      "angle" : 0,
      "color-brightness" : 0,
      "color-hue" : 0,
      "color-saturation" : 0,
      "flow" : 0,
      "scatter" : 0,
      "size" : 0,
      "texture-position" : 0,
      "texture-scale" : 0
   },
   "parent" : 2,
   "source-properties" : {
      "custom-head" : "",
      "custom-stroke texture" : "",
      "head" : "",
      "head - color" : false,
      "head - conversion format" : 1,
      "head - profile" : [ 0, 1, 1, 0 ],
      "stroke texture" : "",
      "stroke texture - color" : false,
      "stroke texture - profile" : [ 0, 1, 1, 0 ]
   },
   "stroke-properties" : {
      "adhesion" : 0,
      "blend-opacity" : 1,
      "blend-size" : 40,
      "blendmode" : 0,
      "blendmode-intensity" : 1,
      "erase-opacity" : 1,
      "erase-size" : 40,
      "flow-profile" : [ 0, 0, 0.30000001192092896, 0, 1, 1 ],
      "has-flow-profile" : false,
      "has-size-profile" : false,
      "lazy-stroke" : 0,
      "paint-opacity" : 1,
      "paint-size" : 14.15385627746582,
      "size-maximum" : 4,
      "size-profile" : [ 0, 1, 0.5, 0, 1, 1 ]
   },
   "texture-properties" : {
      "invert" : false,
      "pressure" : 1,
      "scale" : 1,
      "scale-size" : false,
      "softness" : 0,
      "stretch" : 1,
      "structure" : 0.0099999997764825821,
      "style" : 0
   }
}
