{
   "blend-properties" : {
      "dirty-blending" : false,
      "flow" : 0.5,
      "mix-in" : 0,
      "mix-in dilution" : 0,
      "mix-wet" : false,
      "smudge" : 0.5,
      "strength" : 0.5
   },
   "display-name" : "Sparkler",
   "dynamics-properties" : {
      "pressure - effects flow" : true,
      "pressure - effects scatter" : true,
      "pressure - effects size" : false,
      "pressure - effects texture" : true,
      "pressure profile - flow" : [
         0.076704546809196472,
         1,
         0.4119318425655365,
         0.7578125,
         0.65056824684143066,
         0.216796875,
         1,
         0.296875
      ],
      "pressure profile - scatter" : [ 0, 1, 0.51988637447357178, 0.83203125, 1, 0.083984375 ],
      "pressure profile - size" : [
         0,
         1,
         0.4431818425655365,
         0.779296875,
         0.67897725105285645,
         0.2265625,
         1,
         0
      ],
      "pressure profile - texture" : [ 0, 1, 0.5, 0.5, 1, 0 ],
      "tilt - effects flow" : false,
      "tilt - effects scatter" : false,
      "tilt - effects size" : true,
      "tilt - effects texture" : true,
      "tilt - offset" : 0.76442301273345947,
      "tilt profile - flow" : [ 0, 0, 0.5, 0, 1, 0.75 ],
      "tilt profile - scatter" : [ 0, 1, 0.5, 1, 1, 0.39999997615814209 ],
      "tilt profile - size" : [ 0, 1, 0.5, 1, 1, 0 ],
      "tilt profile - texture" : [ 0, 0, 0.5, 0.19999998807907104, 1, 0.60000002384185791 ],
      "velocity - effects flow" : true,
      "velocity - effects scatter" : true,
      "velocity - effects size" : false,
      "velocity - effects texture" : false,
      "velocity profile - flow" : [ 0, 0, 0.5, 0.5, 1, 1 ],
      "velocity profile - scatter" : [
         0.068181812763214111,
         1,
         0.67045462131500244,
         0.8203125,
         1,
         0.341796875
      ],
      "velocity profile - size" : [ 0, 0, 0.5, 0.5, 1, 1 ],
      "velocity profile - texture" : [ 0, 1, 0.5, 0.5, 1, 0 ]
   },
   "head-properties" : {
      "angle" : 0,
      "flow" : 1,
      "rotation" : -0.0024998784065246582,
      "softness" : 0.55751228332519531,
      "spacing" : 0.27262789011001587,
      "structure" : 0,
      "style" : 2,
      "use-trajectory" : false
   },
   "jitter-properties" : {
      "angle" : 0,
      "color-brightness" : 0,
      "color-hue" : 0,
      "color-saturation" : 0,
      "flow" : 0.95673072338104248,
      "scatter" : 0,
      "size" : 0,
      "texture-position" : 0,
      "texture-scale" : 0
   },
   "parent" : 309,
   "particles-properties" : {
      "attractors" : 35,
      "overshoot" : 2,
      "particle-size" : 0.10000000149011612,
      "particles" : 164,
      "radius" : 0
   },
   "source-properties" : {
      "custom-head" : "",
      "custom-stroke texture" : "",
      "head" : "",
      "head - color" : false,
      "head - conversion format" : 0,
      "head - profile" : [ 0, 1, 1, 0 ],
      "stroke texture" : "",
      "stroke texture - color" : false,
      "stroke texture - profile" : [ 0, 1, 1, 0 ]
   },
   "stroke-properties" : {
      "adhesion" : 0.20489802956581116,
      "blend-opacity" : 1,
      "blend-size" : 40,
      "blendmode" : 0,
      "blendmode-intensity" : 1,
      "erase-opacity" : 1,
      "erase-size" : 40,
      "flow-profile" : [ 0, 0, 0.30000001192092896, 0, 1, 1 ],
      "has-flow-profile" : false,
      "has-size-profile" : false,
      "lazy-stroke" : 0,
      "paint-opacity" : 0.99000000953674316,
      "paint-size" : 34,
      "size-maximum" : 1.0083242654800415,
      "size-profile" : [ 0, 1, 0.5, 0, 1, 1 ]
   },
   "texture-properties" : {
      "invert" : false,
      "pressure" : 0.60000002384185791,
      "scale" : 1,
      "scale-size" : false,
      "softness" : 0,
      "stretch" : 1,
      "structure" : 0,
      "style" : 1
   }
}
