{
   "blend-properties" : {
      "flow" : 1,
      "mix-in" : 0,
      "mix-in dilution" : 1,
      "mix-wet" : false,
      "smudge-amount" : 0.80000001192092896,
      "strength" : 0.20620377361774445
   },
   "display-name" : "Wet Paper",
   "dynamics-properties" : {
      "pressure - effects dilution" : true,
      "pressure - effects flow" : false,
      "pressure - effects head depth" : false,
      "pressure - effects scatter" : false,
      "pressure - effects size" : true,
      "pressure - effects texture" : true,
      "pressure profile - dilution" : [
         0.31887754797935486,
         0,
         0.48479732871055603,
         0.14260563254356384,
         0.68243241310119629,
         0.92253518104553223,
         1,
         1
      ],
      "pressure profile - flow" : [ 0, 1, 0.32397958636283875, 0.34859156608581543, 1, 0 ],
      "pressure profile - head depth" : [ 0, 0, 0.5, 0.5, 1, 1 ],
      "pressure profile - scatter" : [ 0, 1, 0.5, 0.89999997615814209, 1, 0.60000002384185791 ],
      "pressure profile - size" : [ 0, 1, 0.34782609343528748, 0.33333331346511841, 1, 0 ],
      "pressure profile - texture" : [
         0,
         0.40316903591156006,
         0.42346939444541931,
         0.13556337356567383,
         1,
         0
      ],
      "tilt - effects dilution" : false,
      "tilt - effects flow" : false,
      "tilt - effects head depth" : false,
      "tilt - effects scatter" : false,
      "tilt - effects size" : true,
      "tilt - effects texture" : false,
      "tilt - gradation" : 0.80000001192092896,
      "tilt - offset" : 0.79999995231628418,
      "tilt profile - dilution" : [
         0.20000000298023224,
         1,
         0.40000000596046448,
         0.89999997615814209,
         0.60000002384185791,
         0.10000000149011612,
         0.80000001192092896,
         0
      ],
      "tilt profile - flow" : [
         0,
         0,
         0.29891303181648254,
         0,
         0.47282609343528748,
         0.15234375,
         0.68206524848937988,
         0.505859375,
         1,
         0.681640625
      ],
      "tilt profile - head depth" : [ 0, 1, 1, 0 ],
      "tilt profile - scatter" : [ 0, 1, 0.5, 1, 1, 0.39999997615814209 ],
      "tilt profile - size" : [ 0, 1, 0.5, 1, 1, 0.67578125 ],
      "tilt profile - texture" : [ 0, 0.783203125, 1, 0 ],
      "velocity - effects dilution" : false,
      "velocity - effects flow" : false,
      "velocity - effects head depth" : false,
      "velocity - effects scatter" : false,
      "velocity - effects size" : false,
      "velocity - effects texture" : false,
      "velocity profile - dilution" : [ 0, 0, 1, 1 ],
      "velocity profile - flow" : [ 0, 0, 0.5, 0.5, 1, 1 ],
      "velocity profile - head depth" : [ 0, 1, 1, 0 ],
      "velocity profile - scatter" : [ 0, 0, 0.5, 0.19999998807907104, 1, 0.39999997615814209 ],
      "velocity profile - size" : [ 0, 0, 0.5, 0.5, 1, 1 ],
      "velocity profile - texture" : [ 0, 0, 0.33277028799057007, 0.3515625, 1, 0.55078125 ]
   },
   "head-properties" : {
      "angle" : 0,
      "depth" : 0,
      "flow" : 1,
      "rotation" : 1,
      "screen-aligned" : false,
      "softness" : 0.20692317187786102,
      "spacing" : 0.041173938661813736,
      "structure" : 0,
      "style" : 1,
      "use-trajectory" : false
   },
   "jitter-properties" : {
      "angle" : 1,
      "color-brightness" : 0,
      "color-hue" : 0,
      "color-saturation" : 0,
      "color-start brightness" : 0,
      "color-start hue" : 0,
      "color-start saturation" : 0,
      "flow" : 0,
      "scatter" : 0,
      "size" : 0,
      "start-angle" : 0,
      "texture-angle" : 0,
      "texture-position" : 0,
      "texture-scale" : 0,
      "texture-start-position" : 0
   },
   "parent" : 307,
   "source-properties" : {
      "custom-head" : "",
      "custom-stroke texture" : "",
      "head" : "brush_head_ink_wash",
      "head - color" : false,
      "head - colorize" : 1,
      "head - conversion format" : 1,
      "head - profile" : [ 0, 1, 1, 0 ],
      "stroke texture" : "brush_texture_tone",
      "stroke texture - color" : false,
      "stroke texture - colorize" : 1,
      "stroke texture - profile" : [ 0, 1, 1, 0 ]
   },
   "stroke-properties" : {
      "adhesion" : 0,
      "blend-opacity" : 1,
      "blend-size" : 40,
      "blendmode" : 2,
      "blendmode-intensity" : 0.80629914999008179,
      "erase-opacity" : 1,
      "erase-size" : 40,
      "flow-profile" : [ 0, 0, 0.30000001192092896, 0, 1, 1 ],
      "glaze-strokes" : 1,
      "has-flow-profile" : false,
      "has-size-profile" : false,
      "lazy-stroke" : 0,
      "paint-opacity" : 1,
      "paint-size" : 35.25390625,
      "size-maximum" : 2,
      "size-profile" : [ 0, 1, 0.5, 0, 1, 1 ]
   },
   "texture-properties" : {
      "angle" : 0,
      "invert" : false,
      "pressure" : 0.034313619136810303,
      "scale" : 0.25760021805763245,
      "scale-size" : false,
      "softness" : 0,
      "stretch" : 1,
      "structure" : 0,
      "style" : 1
   }
}
