{
   "blend-properties" : {
      "dirty-blending" : false,
      "flow" : 1,
      "mix-in" : 0,
      "mix-in dilution" : 0.80221182107925415,
      "mix-wet" : true,
      "smudge" : 0.60000002384185791,
      "strength" : 0.20000000298023224
   },
   "display-name" : "Wet Pastel",
   "dynamics-properties" : {
      "pressure - effects flow" : true,
      "pressure - effects scatter" : false,
      "pressure - effects size" : false,
      "pressure - effects texture" : true,
      "pressure profile - flow" : [ 0.015202704817056656, 1, 0.34121623635292053, 0.3359375, 1, 0 ],
      "pressure profile - scatter" : [ 0, 1, 0.5, 0.89999997615814209, 1, 0.60000002384185791 ],
      "pressure profile - size" : [
         0,
         1,
         0.33952704071998596,
         0.7265625,
         0.67398649454116821,
         0.12890625,
         1,
         0
      ],
      "pressure profile - texture" : [ 0, 0.357421875, 1, 0 ],
      "tilt - effects flow" : true,
      "tilt - effects scatter" : false,
      "tilt - effects size" : true,
      "tilt - effects texture" : true,
      "tilt - offset" : 0.80000001192092896,
      "tilt profile - flow" : [ 0, 0, 0.31418919563293457, 0, 0.68581080436706543, 0.611328125, 1, 1 ],
      "tilt profile - scatter" : [ 0, 1, 0.5, 1, 1, 0.39999997615814209 ],
      "tilt profile - size" : [ 0, 1, 0.5, 1, 1, 0 ],
      "tilt profile - texture" : [ 0, 0, 0.50844591856002808, 0.10546875, 0.99493247270584106, 0.3359375 ],
      "velocity - effects flow" : false,
      "velocity - effects scatter" : false,
      "velocity - effects size" : false,
      "velocity - effects texture" : false,
      "velocity profile - flow" : [ 0, 0, 0.5, 0.5, 1, 1 ],
      "velocity profile - scatter" : [
         0,
         1,
         0.62162160873413086,
         0.91015625,
         0.87837839126586914,
         0.47265625,
         1,
         0
      ],
      "velocity profile - size" : [ 0, 0, 0.5, 0.5, 1, 1 ],
      "velocity profile - texture" : [ 0, 1, 0.5, 0.5, 1, 0 ]
   },
   "head-properties" : {
      "angle" : 0,
      "flow" : 1,
      "rotation" : 0,
      "softness" : 0.20028845965862274,
      "spacing" : 0.075206130743026733,
      "structure" : 0,
      "style" : 1,
      "use-trajectory" : false
   },
   "jitter-properties" : {
      "angle" : 0.5420193076133728,
      "color-brightness" : 0,
      "color-hue" : 0,
      "color-saturation" : 0,
      "flow" : 0,
      "scatter" : 0,
      "size" : 0,
      "texture-position" : 0,
      "texture-scale" : 0
   },
   "parent" : 100,
   "source-properties" : {
      "custom-head" : "",
      "custom-stroke texture" : "",
      "head" : "",
      "head - color" : false,
      "head - conversion format" : 1,
      "head - profile" : [ 0, 1, 1, 0 ],
      "stroke texture" : "brush_texture_screentone_dot_45",
      "stroke texture - color" : false,
      "stroke texture - profile" : [ 0, 1, 1, 0 ]
   },
   "stroke-properties" : {
      "blend-opacity" : 1,
      "blend-size" : 40,
      "blendmode" : 0,
      "erase-opacity" : 1,
      "erase-size" : 40,
      "flow-profile" : [ 0, 0, 0.30000001192092896, 0, 1, 1 ],
      "has-flow-profile" : false,
      "has-size-profile" : false,
      "lazy-stroke" : 0,
      "paint-opacity" : 1,
      "paint-size" : 41.249988555908203,
      "size-maximum" : 1.0,
      "size-profile" : [ 0, 1, 0.5, 0, 1, 1 ]
   },
   "texture-properties" : {
      "invert" : true,
      "pressure" : 0.30105721950531006,
      "scale" : 0.13769218325614929,
      "scale-size" : false,
      "stretch" : 1,
      "structure" : 0,
      "style" : 1
   }
}
