{
   "blend-properties" : {
      "dirty-blending" : false,
      "flow" : 0.80000001192092896,
      "mix-in" : 0.11999999731779099,
      "mix-in dilution" : 0.80928546190261841,
      "mix-wet" : true,
      "smudge" : 1,
      "strength" : 0.20000000298023224
   },
   "display-name" : "Wet Gouache",
   "dynamics-properties" : {
      "pressure - effects flow" : true,
      "pressure - effects scatter" : false,
      "pressure - effects size" : true,
      "pressure - effects texture" : true,
      "pressure profile - flow" : [
         0,
         0.67063498497009277,
         0.32102274894714355,
         0.458984375,
         0.66477274894714355,
         0.07421875,
         1,
         0
      ],
      "pressure profile - scatter" : [ 0, 1, 0.5, 0.89999997615814209, 1, 0.60000002384185791 ],
      "pressure profile - size" : [
         0.0078708603978157043,
         0.82269728183746338,
         0.63847577571868896,
         0.36582770943641663,
         1,
         0
      ],
      "pressure profile - texture" : [
         0,
         0.76077735424041748,
         0.56423342227935791,
         0.41550597548484802,
         1,
         0
      ],
      "tilt - effects flow" : false,
      "tilt - effects scatter" : false,
      "tilt - effects size" : true,
      "tilt - effects texture" : true,
      "tilt - offset" : 0.79999995231628418,
      "tilt profile - flow" : [ 0, 0, 0.5, 0, 1, 0.75 ],
      "tilt profile - scatter" : [ 0, 1, 0.5, 1, 1, 0.39999997615814209 ],
      "tilt profile - size" : [ 0, 1, 0.5, 1, 1, 0 ],
      "tilt profile - texture" : [ 0, 0, 0.5, 0.19999998807907104, 1, 0.62184882164001465 ],
      "velocity - effects flow" : false,
      "velocity - effects scatter" : false,
      "velocity - effects size" : false,
      "velocity - effects texture" : false,
      "velocity profile - flow" : [ 0, 0, 0.5, 0.5, 1, 1 ],
      "velocity profile - scatter" : [ 0, 0, 0.5, 0.19999998807907104, 1, 0.39999997615814209 ],
      "velocity profile - size" : [ 0, 0, 0.5, 0.5, 1, 1 ],
      "velocity profile - texture" : [ 0, 1, 0.5, 0.5, 1, 0 ]
   },
   "head-properties" : {
      "angle" : 1.7453293800354004,
      "flow" : 1,
      "rotation" : -0.019999980926513672,
      "softness" : 0.18000000715255737,
      "spacing" : 0.019999999552965164,
      "structure" : 0,
      "style" : 0,
      "use-trajectory" : true
   },
   "jitter-properties" : {
      "angle" : 0,
      "color-brightness" : 0,
      "color-hue" : 0,
      "color-saturation" : 0,
      "flow" : 0,
      "scatter" : 0,
      "size" : 0,
      "texture-position" : 0,
      "texture-scale" : 0
   },
   "parent" : 2,
   "source-properties" : {
      "custom-head" : "",
      "custom-stroke texture" : "",
      "head" : "brush_head_sharp_round",
      "head - color" : false,
      "head - conversion format" : 0,
      "head - profile" : [ 0, 1, 1, 0 ],
      "stroke texture" : "texture_14",
      "stroke texture - color" : false,
      "stroke texture - profile" : [
         0,
         1,
         0.75178569555282593,
         1,
         0.97678577899932861,
         0.75595241785049438,
         1,
         0
      ]
   },
   "stroke-properties" : {
      "adhesion" : 0,
      "blend-opacity" : 1,
      "blend-size" : 40,
      "blendmode" : 0,
      "blendmode-intensity" : 1,
      "erase-opacity" : 1,
      "erase-size" : 40,
      "flow-profile" : [ 0, 0, 0.30000001192092896, 0, 1, 1 ],
      "has-flow-profile" : false,
      "has-size-profile" : false,
      "lazy-stroke" : 0,
      "paint-opacity" : 1,
      "paint-size" : 62.5,
      "size-maximum" : 2.0199999809265137,
      "size-profile" : [ 0, 1, 0.5, 0, 1, 1 ]
   },
   "texture-properties" : {
      "invert" : false,
      "pressure" : 0.39999997615814209,
      "scale" : 0.74000000953674316,
      "scale-size" : false,
      "softness" : 0,
      "stretch" : 1,
      "structure" : 0,
      "style" : 1
   }
}
